Season,#,Player,Team,GP,MPG,PPG,FGM,FGA,FG%,3PM,3PA,3P%,FTM,FTA,FT%,ORB,DRB,RPG,APG,SPG,BPG,TOV,PF,Height,Weight
2024,1,Markus Howard,BASK,39,23.0,19.5,6.5,15.1,.431,3.8,9.5,.400,2.6,3.2,.837,0.3,0.9,1.2,1.6,0.5,0.0,1.9,2.7,5-11,180
2024,2,Mike James,ASM,39,31.7,17.9,5.9,13.9,.426,2.2,6.0,.372,3.8,4.9,.772,0.5,3.6,4.1,5.1,1.2,0.1,2.1,1.8,6-1,190
2024,3,Wade Baldwin IV,MAC,30,27.6,17.4,5.7,12.4,.456,1.4,3.7,.391,4.6,5.5,.848,0.3,2.2,2.5,4.9,1.0,0.2,2.6,1.9,6-4,220
2024,4,Keenan Evans,ZAL,34,27.4,17.3,5.5,11.5,.481,2.4,5.6,.435,3.8,4.2,.895,0.5,2.3,2.8,3.9,1.2,0.1,2.3,2.4,6-3,190
2024,5,Nikola Mirotic,MIL,21,26.5,16.9,5.4,10.2,.526,2.2,5.2,.418,4.0,4.7,.847,1.8,3.9,5.7,0.9,0.8,0.3,1.7,2.2,6-10,250
2024,6,Shane Larkin,EFE,35,31.6,16.8,5.3,11.5,.460,2.5,6.4,.391,3.7,4.1,.908,0.2,2.7,2.8,5.1,1.1,0.1,1.9,1.4,5-11,175
2024,7,Kendrick Nunn,PAN,35,27.5,16.0,6.0,13.5,.446,2.0,4.9,.410,2.0,2.1,.959,0.4,2.3,2.7,3.1,0.9,0.1,3.1,2.2,6-3,190
2024,8,Shavon Shields,MIL,29,30.4,15.7,5.5,11.5,.476,2.6,6.6,.389,2.2,2.7,.821,0.7,3.1,3.7,2.8,1.3,0.1,2.1,1.7,6-7,225
2024,9,Kevin Punter,PAR,28,29.1,15.0,5.1,11.0,.463,1.5,4.2,.350,3.3,3.6,.902,0.3,2.3,2.6,2.6,1.1,0.2,2.3,2.4,6-2,190
2024,10,Tornike Shengelia,BOL,33,27.4,14.5,5.2,10.5,.491,0.8,3.0,.255,3.5,4.4,.788,1.4,3.7,5.0,3.3,1.0,0.2,2.7,2.5,6-9,220
2024,11,Nemanja Nedovic,ZVE,30,21.8,14.3,5.1,10.5,.484,1.9,4.7,.408,2.2,2.5,.868,0.2,1.7,1.9,2.6,0.5,0.1,1.7,1.9,6-3,192
2024,12,Marco Belinelli,BOL,35,22.8,14.1,4.5,11.0,.404,2.6,6.8,.382,2.6,3.0,.865,0.2,1.5,1.7,1.7,0.4,0.0,1.3,2.1,6-5,225
2024,13,Mathias Lessort,PAN,41,29.7,13.9,5.0,8.0,.624,0.0,0.0,.000,4.0,6.5,.607,2.3,4.0,6.3,1.4,1.0,0.9,1.8,2.7,6-9,250
2024,14,Nigel Hayes,FEN,37,31.5,13.8,4.8,10.1,.469,1.8,4.9,.372,2.4,2.9,.832,1.5,3.1,4.6,1.7,1.0,0.2,1.2,2.1,6-8,254
2024,15,Chima Moneke,BASK,34,24.7,13.6,4.5,8.5,.531,0.9,2.5,.353,3.6,4.7,.764,2.1,4.5,6.6,1.4,1.1,0.5,2.0,1.6,6-6,222
2024,16,Mario Hezonja,RMB,38,23.3,13.5,4.7,10.0,.475,2.2,5.1,.431,1.8,2.0,.921,0.5,4.1,4.6,0.9,1.0,0.1,1.1,1.7,6-8,220
2024,17,Dzanan Musa,RMB,38,21.0,13.5,4.5,8.6,.523,1.6,3.8,.413,3.0,3.6,.819,0.7,2.1,2.7,2.2,0.3,0.2,1.2,1.2,6-9,217
2024,19,Will Clyburn,EFE,25,28.3,13.3,4.7,10.9,.429,1.6,4.7,.331,2.4,3.0,.787,1.1,3.4,4.6,2.0,1.0,0.2,1.5,1.9,6-6,210
2024,20,Lorenzo Brown,MAC,38,29.3,13.2,5.1,12.2,.415,1.5,4.4,.345,1.6,1.9,.859,0.7,2.2,2.8,6.1,1.0,0.1,2.6,2.1,6-5,189
2024,21,Alec Peters,OLY,40,25.4,13.1,4.7,8.3,.565,1.9,3.6,.535,1.8,2.1,.878,1.2,3.6,4.9,1.6,0.5,0.1,1.3,2.3,6-9,225
2024,22,Scottie Wilbekin,FEN,41,24.7,13.0,4.2,10.2,.408,3.0,7.4,.401,1.7,2.0,.875,0.5,1.7,2.2,3.3,1.1,0.0,1.7,1.8,6-2,176
2024,23,Timothe Luwawu-Cabarrot,LYV,28,28.1,13.0,4.6,9.8,.467,1.3,3.3,.376,2.6,3.1,.830,0.5,2.9,3.4,2.3,1.1,0.1,2.3,3.1,6-7,210
2024,25,Kostas Sloukas,PAN,34,26.2,12.7,4.0,8.1,.500,1.7,4.2,.415,2.9,3.4,.853,0.6,2.6,3.2,5.6,0.8,0.0,2.3,1.8,6-2,210
2024,27,Serge Ibaka,BAY,28,24.7,12.6,5.3,8.9,.598,0.9,1.8,.480,1.1,1.7,.667,2.0,4.8,6.8,1.2,0.5,1.3,1.6,2.9,6-10,235
2024,28,"Bonzie Colson, Jr.",MAC,40,28.5,12.6,4.6,9.4,.489,1.4,3.6,.387,2.0,2.6,.794,1.5,3.9,5.3,0.6,1.3,0.4,0.6,2.2,6-5,225
2024,29,Joffrey Lauvergne,LYV,31,24.7,12.6,5.1,10.0,.515,0.6,1.7,.358,1.7,2.4,.726,1.7,3.5,5.2,1.8,0.4,0.2,1.9,2.0,6-11,260
2024,30,Jan Vesely,FCB,38,21.9,12.3,4.9,8.0,.610,0.1,0.2,.286,2.5,3.1,.798,1.9,2.4,4.3,1.3,1.0,0.5,1.1,2.5,6-11,240
2024,32,Nicolas Laprovittola,FCB,33,22.7,12.3,4.2,9.3,.450,2.3,5.9,.388,1.6,2.1,.779,0.6,1.5,2.0,4.8,0.5,0.0,2.3,2.2,6-4,180
2024,33,Nando De Colo,LYV,21,21.9,12.2,3.7,8.8,.418,1.8,4.8,.380,3.0,3.5,.877,0.1,1.7,1.8,4.1,1.1,0.0,2.1,1.1,6-5,195
2024,34,Brandon Davies,VAL,28,22.4,12.1,4.6,9.3,.494,0.5,1.8,.306,2.3,2.9,.802,1.2,2.6,3.8,2.0,0.8,0.6,2.0,2.7,6-10,240
2024,35,Facundo Campazzo,RMB,37,25.3,11.5,3.7,8.2,.452,1.3,4.0,.322,2.8,3.2,.866,0.6,2.3,2.9,6.5,1.3,0.0,2.4,2.4,5-11,165
2024,36,Carsen Edwards,BAY,34,22.8,11.5,4.1,10.5,.388,1.8,5.5,.326,1.6,1.7,.914,0.4,1.3,1.7,1.8,0.9,0.1,1.7,1.7,5-11,200
2024,37,Paris Lee,LYV,33,28.0,11.5,3.6,9.0,.397,1.7,4.8,.352,2.6,2.8,.925,0.2,1.6,1.9,5.5,1.7,0.0,2.1,1.8,6-0,185
2024,38,Kostas Mitoglou,PAN,38,28.2,11.3,4.2,8.7,.483,1.0,2.9,.345,1.8,2.5,.745,1.7,4.4,6.1,0.9,0.8,0.4,1.0,1.8,6-10,245
2024,39,Sterling Brown,BER,29,24.1,11.2,4.0,9.9,.402,1.9,5.4,.357,1.4,1.5,.930,0.7,2.6,3.3,2.4,0.8,0.2,1.9,2.1,6-5,219
2024,41,Josh Nebo,MAC,39,23.7,11.2,4.4,6.5,.667,0.0,0.0,.000,2.4,3.4,.714,3.1,4.0,7.1,0.6,0.6,0.9,0.9,1.8,6-9,244
2024,42,Isaiah Canaan,OLY,41,23.1,11.1,3.6,7.8,.462,2.3,5.4,.425,1.6,1.9,.882,0.2,1.0,1.2,1.4,0.9,0.1,1.1,2.3,6-0,200
2024,43,Elie Okobo,ASM,37,24.8,11.0,3.6,8.8,.413,1.1,3.7,.301,2.6,3.1,.828,0.3,2.3,2.6,3.1,0.7,0.0,1.8,2.1,6-3,190
2024,44,Willy Hernangomez,FCB,38,16.2,11.0,4.1,7.3,.567,0.1,0.3,.364,2.6,3.7,.709,1.8,3.1,4.8,0.4,0.4,0.4,1.6,1.8,6-11,250
2024,45,Vanja Marinkovic,BASK,37,25.8,11.0,3.6,8.5,.429,2.1,5.5,.384,1.6,1.9,.806,0.6,1.8,2.5,1.5,0.3,0.0,1.0,2.1,6-6,194
2024,46,Shabazz Napier,MIL,16,27.1,10.9,3.3,9.0,.361,1.6,5.5,.284,2.9,3.4,.852,0.5,2.0,2.5,4.1,1.1,0.0,2.6,1.8,6-1,180
2024,47,Darius Thompson,EFE,35,26.0,10.9,4.0,9.0,.443,1.1,3.4,.328,1.8,2.1,.838,0.6,1.4,2.0,2.8,1.0,0.5,1.6,2.5,6-4,196
2024,48,Alpha Diallo,ASM,38,26.9,10.6,3.8,7.9,.485,1.0,2.5,.389,2.0,2.6,.750,1.2,3.0,4.2,1.7,1.1,0.4,1.2,2.7,6-6,207
2024,49,Sylvain Francisco,BAY,33,19.3,10.6,3.4,8.7,.387,1.8,5.0,.354,2.1,2.6,.814,0.4,1.3,1.7,3.2,0.7,0.0,1.3,1.5,6-2,170
2024,50,Jabari Parker,FCB,38,24.0,10.6,3.9,8.5,.457,1.3,3.5,.381,1.5,1.9,.767,1.0,3.2,4.2,0.7,0.6,0.4,1.2,2.0,6-8,245
2024,51,Guerschon Yabusele,RMB,27,23.6,10.5,3.5,6.2,.565,1.3,2.8,.461,2.2,2.5,.868,1.0,3.8,4.9,1.0,0.8,0.2,0.9,1.4,6-8,265
2024,52,Rolands Smits,ZAL,31,22.9,10.5,4.0,7.9,.512,1.4,3.6,.375,1.1,1.4,.773,1.1,3.1,4.3,1.2,0.6,0.1,1.3,2.5,6-10,235
2024,53,Jordan Loyd,ASM,20,22.5,10.5,3.4,8.6,.392,1.5,4.2,.349,2.3,2.6,.902,0.5,2.3,2.7,2.0,0.8,0.1,1.1,3.3,6-4,210
2024,55,Joel Bolomboy,ZVE,33,25.5,10.2,3.9,6.4,.616,0.3,0.8,.333,2.1,2.6,.812,2.3,3.7,6.0,0.8,0.8,0.7,1.1,2.3,6-9,235
2024,57,Zach LeDay,PAR,29,30.1,10.2,3.3,7.2,.466,0.7,2.0,.362,2.8,3.2,.880,1.2,3.3,4.6,1.5,0.8,0.1,1.2,1.9,6-7,230
2024,58,Matt Thomas,BER,30,22.0,10.1,3.5,7.7,.448,2.1,4.9,.432,1.1,1.2,.889,0.5,1.5,2.0,1.6,0.5,0.0,1.2,1.4,6-4,190
2024,59,Rodrigue Beaubois,EFE,31,23.2,10.1,3.7,8.2,.455,1.5,3.9,.392,1.2,1.4,.857,0.5,1.7,2.2,2.3,0.7,0.4,0.9,1.7,6-1,183
2024,60,Rokas Giedraitis,ZVE,34,25.4,10.0,3.6,8.1,.445,1.3,3.8,.341,1.6,1.9,.815,1.4,2.4,3.8,0.9,0.9,0.1,0.8,1.9,6-7,179
2024,61,Shabazz Napier,ZVE,12,17.7,9.8,3.3,9.1,.367,1.5,4.9,.305,1.6,1.9,.826,0.4,1.3,1.7,2.3,1.3,0.0,1.8,1.3,6-1,180
2024,62,Devin Booker,BAY,28,26.5,9.7,3.9,8.0,.484,0.6,1.9,.302,1.4,1.7,.792,1.4,4.0,5.5,1.2,0.4,0.1,1.9,1.8,6-8,250
2024,63,Elijah Bryant,EFE,24,21.7,9.7,3.5,7.5,.461,1.1,2.8,.382,1.7,2.0,.872,0.9,3.0,3.9,2.7,0.7,0.3,1.5,2.2,6-5,210
2024,65,Codi Miller-McIntyre,BASK,39,29.5,9.6,3.7,7.8,.467,0.7,2.4,.290,1.5,2.2,.698,0.6,3.8,4.4,7.3,0.9,0.1,2.6,2.2,6-4,204
2024,66,Gabriel Lundberg,BOL,35,19.3,9.4,3.5,7.8,.447,1.2,3.7,.336,1.2,1.7,.729,0.4,1.7,2.1,2.0,0.6,0.0,1.3,1.4,6-4,202
2024,67,Luka Mitrovic,ZVE,31,19.6,9.4,3.7,6.3,.593,0.0,0.1,.333,2.0,2.9,.685,2.1,2.8,4.9,1.7,0.7,0.3,1.2,2.5,6-8,200
2024,68,Edy Tavares,RMB,34,22.9,9.4,3.6,5.9,.607,0.0,0.0,.000,2.2,3.0,.738,2.3,4.2,6.5,1.4,0.7,1.5,1.7,2.6,7-3,265
2024,69,Milos Teodosic,ZVE,27,21.1,9.4,2.7,7.1,.378,1.8,5.3,.340,2.2,2.7,.819,0.5,1.6,2.0,5.9,0.7,0.1,2.0,2.7,6-5,196
2024,70,Bruno Caboclo,PAR,27,19.4,9.4,3.4,5.4,.637,0.9,1.7,.500,1.7,2.3,.726,1.4,2.6,4.0,0.2,0.6,0.7,1.3,2.7,6-9,218
2024,71,Mike Daum,EFE,11,19.8,9.4,3.5,6.5,.535,1.7,4.2,.413,0.7,0.7,1.000,0.5,1.6,2.2,0.3,0.5,0.2,0.5,2.1,6-9,235
2024,72,P.J. Dozier,PAR,33,21.0,9.2,3.7,7.7,.486,0.8,2.6,.294,1.0,1.4,.733,0.8,2.2,3.0,3.1,1.3,0.2,2.0,2.5,6-6,205
2024,73,Marius Grigonis,PAN,41,24.7,9.1,3.1,6.5,.483,1.7,4.1,.417,1.1,1.2,.900,0.3,2.3,2.7,1.3,0.6,0.0,0.9,2.4,6-6,195
2024,74,Nigel Williams-Goss,OLY,32,22.0,9.1,3.6,8.2,.441,1.1,2.5,.420,0.8,1.0,.758,0.3,2.0,2.3,3.3,1.2,0.0,1.6,2.5,6-3,190
2024,75,Marko Guduric,FEN,37,21.4,9.1,3.0,6.6,.453,1.2,3.5,.336,2.0,2.2,.901,0.3,2.1,2.5,2.5,0.8,0.0,1.4,2.2,6-6,201
2024,76,Gabriel Deck,RMB,28,21.2,9.0,3.5,6.1,.582,0.7,1.9,.358,1.3,1.5,.878,0.7,2.6,3.3,1.1,0.6,0.0,0.9,1.9,6-8,232
2024,77,Vincent Poirier,RMB,37,18.4,9.0,3.6,5.5,.668,0.1,0.1,.400,1.6,2.3,.706,2.2,3.1,5.3,0.6,0.4,1.5,0.8,2.0,7-0,235
2024,79,Louis Olinde,BER,17,22.0,8.9,3.2,6.1,.529,1.3,3.1,.415,1.1,1.4,.826,1.1,2.2,3.3,1.4,1.1,0.4,0.9,1.9,6-9,195
2024,80,Tadas Sedekerskis,BASK,35,27.7,8.8,3.3,5.6,.597,0.6,1.5,.389,1.5,1.9,.806,1.7,5.0,6.7,1.4,0.5,0.4,1.1,1.4,6-9,205
2024,81,Youssoupha Fall,LYV,31,19.7,8.8,3.7,6.0,.613,0.0,0.0,.000,1.5,2.5,.592,2.5,4.2,6.6,0.3,0.3,0.6,0.9,2.0,7-3,271
2024,82,Donatas Motiejunas,ASM,39,17.8,8.8,3.4,6.2,.550,0.6,1.6,.377,1.4,2.0,.727,0.9,2.5,3.4,0.9,0.4,0.2,1.1,1.9,7-0,222
2024,83,Tyler Dorsey,FEN,38,17.6,8.7,2.9,6.5,.441,1.6,3.4,.454,1.4,1.7,.831,0.4,1.4,1.8,1.2,0.2,0.1,1.0,1.5,6-5,183
2024,84,Yago Dos Santos,ZVE,28,19.8,8.7,2.9,6.6,.435,1.3,3.3,.402,1.6,2.0,.807,0.3,1.6,2.0,3.9,0.5,0.0,1.9,1.8,5-10,188
2024,85,Isaia Cordinier,BOL,31,22.3,8.6,3.3,6.8,.483,0.8,2.3,.338,1.3,1.6,.780,0.9,2.9,3.8,2.6,0.9,0.5,1.5,2.7,6-5,197
2024,86,Jerian Grant,PAN,41,27.6,8.6,2.9,6.2,.461,1.1,2.8,.416,1.7,1.9,.861,0.5,1.8,2.3,3.4,1.5,0.1,1.1,2.3,6-4,198
2024,89,Leandro Bolmaro,BAY,30,19.8,8.4,3.4,7.1,.486,0.5,1.8,.302,1.0,1.4,.732,0.6,2.2,2.8,3.4,1.0,0.3,2.0,2.5,6-6,200
2024,90,Gabriele Procida,BER,25,17.5,8.3,2.9,6.9,.424,1.1,3.7,.290,1.4,1.8,.756,0.5,1.1,1.6,0.9,1.4,0.4,1.0,0.8,6-6,191
2024,91,Devon Hall,MIL,32,24.1,8.2,3.0,6.7,.453,1.2,3.0,.385,1.0,1.2,.838,0.6,2.3,2.9,1.9,1.0,0.1,1.0,1.7,6-5,215
2024,94,Moses Wright,OLY,17,13.9,8.1,3.1,4.4,.703,0.1,0.2,.500,1.9,3.1,.615,1.1,1.8,2.9,0.5,0.9,0.6,0.7,1.6,6-8,226
2024,95,Daniel Hackett,BOL,32,24.1,8.1,2.7,6.0,.440,1.1,2.8,.393,1.7,2.1,.803,0.5,2.7,3.3,3.6,0.9,0.1,1.6,2.7,6-5,215
2024,97,Yanni Wetzell,BER,27,20.0,7.9,3.2,6.1,.518,0.0,0.2,.200,1.5,2.2,.667,1.4,2.1,3.5,0.9,0.6,0.3,1.5,2.3,6-10,240
2024,98,Sergio Llull,RMB,33,18.1,7.9,2.7,7.2,.371,1.6,4.6,.340,1.0,1.3,.727,0.1,1.1,1.2,2.0,0.3,0.0,1.1,1.5,6-3,190
2024,99,Thomas Walkup,OLY,40,26.4,7.9,2.8,7.5,.375,1.3,4.2,.302,1.0,1.3,.765,0.6,2.4,3.0,4.7,1.5,0.1,1.8,2.6,6-4,195
2024,100,Tibor Pleiss,EFE,23,18.0,7.8,3.1,6.4,.486,1.2,2.7,.435,0.3,0.4,.889,1.2,2.4,3.6,0.7,0.3,0.6,0.7,1.4,7-3,256
2024,101,Nikola Milutinov,OLY,27,18.1,7.8,2.8,4.6,.610,0.0,0.0,.000,2.2,2.7,.822,2.5,3.1,5.6,0.9,0.3,0.6,1.0,0.9,7-0,220
2024,102,Edgaras Ulanovas,ZAL,34,28.0,7.6,2.7,6.0,.448,0.6,2.0,.284,1.7,2.0,.866,1.3,2.8,4.1,2.8,0.6,0.1,1.1,2.4,6-6,192
2024,103,Vladimir Lucic,BAY,20,25.1,7.6,2.3,4.7,.495,1.2,2.5,.460,1.9,2.0,.925,0.5,2.3,2.7,1.8,0.5,0.3,1.2,1.5,6-8,200
2024,104,Jasiel Rivero,MAC,40,15.6,7.6,3.0,5.2,.565,0.1,0.2,.571,1.6,2.5,.646,1.6,1.6,3.1,0.9,0.6,0.3,0.9,2.0,6-9,220
2024,105,Maodo Lo,MIL,21,19.3,7.6,2.7,6.0,.449,1.4,3.4,.403,0.8,1.0,.762,0.2,1.5,1.7,2.7,0.5,0.0,1.2,1.5,6-3,194
2024,106,Andreas Obst,BAY,22,18.7,7.5,2.5,6.0,.412,2.1,5.2,.409,0.5,0.6,.786,0.2,1.3,1.5,0.7,0.2,0.0,0.5,1.1,6-3,200
2024,107,Brady Manek,ZAL,28,18.8,7.5,2.6,6.2,.425,1.7,4.2,.407,0.5,0.7,.789,0.5,2.9,3.4,0.6,0.6,0.1,0.9,1.6,6-9,230
2024,108,Laurynas Birutis,ZAL,34,15.1,7.5,3.3,5.1,.645,0.0,0.0,.000,1.0,1.6,.618,1.4,2.4,3.7,0.6,0.2,0.4,0.9,1.8,7-1,242
2024,109,Kostas Papanikolaou,OLY,38,25.1,7.4,2.6,6.1,.435,1.3,3.7,.362,0.8,1.2,.652,0.8,2.9,3.6,2.7,0.8,0.1,1.2,1.7,6-8,225
2024,110,Derek Willis,EFE,26,23.0,7.3,2.6,5.4,.475,1.5,3.5,.444,0.7,0.7,.944,0.9,2.8,3.7,0.8,0.6,0.3,0.5,1.4,6-9,230
2024,111,Nikola Kalinic,FCB,39,24.6,7.3,2.8,6.5,.429,1.3,3.3,.406,0.5,0.8,.581,0.9,2.9,3.8,2.4,0.8,0.1,1.4,1.7,6-8,222
2024,112,Nicolo Melli,MIL,34,24.4,7.3,2.8,5.9,.475,0.9,2.2,.387,0.9,1.5,.577,0.8,3.1,4.0,2.0,0.9,0.6,1.0,3.0,6-9,235
2024,113,Shaquielle McKissic,OLY,32,16.3,7.3,2.5,5.3,.470,0.9,2.5,.346,1.5,2.1,.712,0.5,1.1,1.6,1.0,1.0,0.0,1.0,1.3,6-5,200
2024,114,Matteo Spagnolo,BER,25,20.5,7.3,2.8,7.1,.390,0.3,1.4,.222,1.4,1.6,.878,0.4,1.8,2.2,3.4,0.3,0.0,2.5,1.7,6-6,196
2024,115,Tyrique Jones,EFE,34,17.5,7.2,3.1,4.8,.634,0.0,0.0,.000,1.1,1.7,.667,2.0,2.4,4.3,1.0,0.8,0.4,0.9,2.6,6-9,239
2024,116,Moustapha Fall,OLY,36,22.6,7.2,3.1,3.9,.789,0.0,0.0,.000,1.0,2.3,.439,1.5,3.2,4.7,2.4,0.2,1.2,1.1,1.8,7-2,235
2024,117,Daniel Oturu,EFE,22,15.5,7.2,3.0,4.5,.684,0.0,0.0,.000,1.1,1.9,.585,1.7,2.2,3.9,0.5,0.3,0.9,0.8,2.4,6-8,240
2024,118,Martin Hermannsson,BER,12,20.4,7.2,2.6,6.3,.408,0.7,1.9,.348,1.3,1.3,1.000,0.1,1.4,1.5,4.2,0.8,0.2,2.3,1.6,6-3,170
2024,120,Nick Calathes,FEN,38,23.7,7.1,2.9,6.2,.464,0.8,2.2,.357,0.5,1.0,.513,0.7,3.5,4.2,4.8,1.1,0.2,1.9,2.2,6-6,213
2024,121,Tarik Biberovic,FEN,31,16.2,7.0,2.5,4.7,.521,1.4,2.6,.531,0.7,0.8,.920,0.5,1.7,2.2,0.7,0.3,0.0,0.8,2.1,6-7,218
2024,122,Tamir Blatt,MAC,38,18.9,7.0,2.3,5.7,.414,1.8,4.6,.393,0.6,0.6,.875,0.2,1.3,1.5,4.8,0.4,0.0,1.8,1.5,6-3,180
2024,123,Tomas Satoransky,FCB,39,25.0,7.0,2.5,5.5,.447,0.9,2.6,.366,1.1,1.6,.721,0.6,3.7,4.3,4.0,1.1,0.1,1.3,2.2,6-7,210
2024,124,Johannes Voigtmann,MIL,34,20.2,7.0,2.8,5.7,.482,0.7,2.4,.289,0.7,1.1,.676,1.0,3.4,4.4,2.1,0.4,0.4,1.4,1.3,6-11,228
2024,125,Alex Abrines,FCB,27,17.3,6.9,2.3,4.7,.492,1.6,3.6,.448,0.7,0.8,.857,0.6,1.4,2.0,0.5,0.5,0.3,0.7,2.1,6-6,190
2024,126,Edmond Sumner,ZAL,23,13.4,6.9,2.3,5.3,.438,1.0,2.4,.393,1.3,1.6,.811,0.1,1.0,1.1,1.8,0.8,0.1,2.0,2.2,6-4,196
2024,127,Roman Sorkin,MAC,32,15.8,6.8,2.7,5.2,.518,0.4,1.0,.375,1.0,1.3,.786,1.4,1.8,3.1,0.5,0.3,0.6,1.0,1.9,6-10,225
2024,128,Jaron Blossomgame,ASM,39,19.6,6.6,2.7,5.6,.486,0.6,2.2,.259,0.5,0.8,.656,1.1,2.2,3.3,0.3,0.5,0.3,0.3,2.1,6-8,220
2024,129,Ante Zizic,EFE,13,15.9,6.5,2.7,3.8,.714,0.0,0.0,.000,1.1,1.5,.700,1.1,1.7,2.8,0.7,0.5,0.2,0.7,1.1,6-11,254
2024,130,Tomas Dimsa,ZAL,33,17.9,6.4,2.4,5.7,.420,1.1,2.9,.381,0.5,0.7,.682,0.5,1.0,1.5,1.7,0.4,0.1,1.0,2.1,6-5,180
2024,131,Filip Petrusev,OLY,22,15.6,6.3,2.2,4.7,.476,0.2,0.6,.286,1.6,2.1,.783,0.4,2.9,3.3,0.6,0.3,0.5,0.7,1.5,6-11,225
2024,132,Nick Weiler-Babb,BAY,34,21.8,6.2,2.2,5.0,.438,1.4,3.5,.387,0.5,0.6,.850,0.9,2.3,3.2,2.1,0.7,0.1,0.9,2.2,6-5,205
2024,133,James Webb III,MAC,39,15.7,6.2,2.1,5.1,.419,1.0,2.9,.330,1.0,1.3,.776,0.9,2.3,3.2,0.5,0.5,0.3,0.4,2.1,6-9,202
2024,134,Justin Anderson,VAL,18,18.6,6.1,2.4,5.2,.457,0.8,2.5,.333,0.5,0.7,.692,0.3,1.8,2.2,0.6,0.4,0.2,0.8,2.1,6-6,230
2024,135,Nikos Rogkavopoulos,BASK,29,13.5,6.1,2.1,4.2,.500,1.3,2.5,.521,0.6,0.8,.773,0.6,1.1,1.7,0.5,0.5,0.1,0.6,1.6,6-8,197
2024,136,John Brown,ASM,36,25.3,6.0,2.5,5.3,.471,0.0,0.1,.000,1.0,1.4,.714,1.9,1.8,3.7,1.4,1.1,0.1,0.8,2.2,6-8,205
2024,137,Isaac Bonga,BAY,31,19.9,5.8,2.1,4.8,.439,0.6,2.2,.299,1.0,1.3,.795,1.3,2.9,4.2,1.2,0.7,0.3,1.3,2.5,6-8,180
2024,138,Stefano Tonut,MIL,29,17.1,5.8,2.2,4.2,.512,1.0,2.1,.492,0.4,0.6,.647,0.3,1.5,1.8,1.2,0.6,0.0,0.6,1.4,6-4,195
2024,139,Luca Vildoza,PAN,28,14.9,5.7,2.0,5.1,.385,1.2,3.3,.366,0.6,0.8,.762,0.4,1.1,1.5,1.5,0.6,0.0,1.0,0.8,6-3,190
2024,140,Dario Brizuela,FCB,32,13.8,5.7,2.3,5.6,.421,0.8,2.3,.320,0.3,0.3,.727,0.3,0.7,1.0,1.6,0.3,0.1,0.8,1.6,6-4,161
2024,141,George Papagiannis,FEN,38,16.0,5.7,2.4,3.9,.617,0.5,1.1,.488,0.3,0.5,.667,1.0,2.0,3.1,0.8,0.3,0.8,0.7,1.7,7-2,275
2024,142,Khalifa Koumadje,BER,28,16.6,5.6,2.3,3.6,.627,0.0,0.0,.000,1.1,1.6,.682,2.1,3.3,5.4,0.3,0.4,0.9,0.9,2.1,7-4,269
2024,144,Ioannis Papapetrou,PAN,16,17.1,5.6,1.9,3.9,.492,1.0,1.9,.516,0.8,0.9,.800,0.4,1.6,2.0,0.7,0.3,0.2,0.4,1.4,6-8,225
2024,145,Kevarrius Hayes,ZAL,34,18.7,5.6,2.4,4.2,.566,0.1,0.1,.667,0.8,1.0,.771,1.8,2.2,4.0,0.5,0.7,0.7,0.9,2.0,6-9,227
2024,146,Dyshawn Pierre,FEN,27,19.8,5.6,2.1,4.7,.441,0.6,2.0,.302,0.8,0.9,.917,1.4,2.5,3.9,1.0,0.6,0.1,0.4,1.2,6-6,230
2024,147,Alen Smailagic,PAR,31,15.9,5.5,2.1,3.5,.598,0.4,0.8,.462,1.0,1.4,.727,1.0,1.1,2.1,0.6,0.5,0.4,0.7,2.2,6-10,215
2024,149,Rokas Jokubaitis,FCB,36,15.5,5.3,2.3,5.1,.443,0.4,1.3,.277,0.4,0.6,.652,0.4,1.3,1.7,2.8,0.3,0.1,1.3,1.3,6-4,182
2024,151,Edwin Jackson,LYV,31,15.4,5.3,1.9,3.7,.517,0.5,1.5,.354,0.9,1.1,.818,0.3,0.9,1.1,1.0,0.4,0.0,1.0,1.6,6-2,201
2024,153,Malte Delow,BER,34,16.9,5.2,1.9,4.8,.393,0.9,2.7,.323,0.5,0.7,.783,0.8,1.4,2.3,2.4,0.8,0.1,1.7,2.2,6-6,170
2024,154,Giannoulis Larentzakis,OLY,37,13.1,5.1,1.5,4.5,.341,0.9,2.9,.321,1.1,1.4,.808,0.2,0.8,1.0,1.5,0.6,0.1,1.0,1.7,6-5,200
2024,155,Fabien Causeur,RMB,32,15.2,5.1,1.9,4.1,.462,0.8,2.1,.394,0.5,0.6,.889,0.4,0.9,1.3,1.1,0.4,0.2,0.8,1.4,6-3,198
2024,157,Dejan Davidovac,ZVE,31,19.3,5.1,1.8,4.0,.463,0.8,2.2,.382,0.5,0.7,.739,0.5,2.5,3.0,0.6,0.7,0.3,0.4,1.5,6-8,210
2024,159,Arnas Butkevicius,ZAL,22,20.9,5.0,1.7,3.4,.507,0.6,1.6,.389,0.9,1.2,.704,0.8,2.5,3.3,0.9,0.6,0.1,1.0,2.5,6-4,203
2024,161,Lukas Lekavicius,ZAL,30,12.1,4.9,1.7,4.6,.372,0.7,1.8,.396,0.8,0.9,.857,0.1,0.6,0.8,1.6,0.3,0.0,0.8,1.1,6-0,167
2024,162,Donta Hall,ASM,38,13.6,4.9,1.9,2.6,.740,0.0,0.0,.000,1.0,1.6,.607,1.4,2.1,3.5,0.4,0.5,0.4,0.3,1.6,6-9,229
2024,164,Elias Harris,BAY,14,10.1,4.9,1.9,3.5,.551,0.1,0.1,1.000,0.9,1.1,.750,1.4,1.3,2.6,0.4,0.3,0.0,0.6,1.5,6-8,239
2024,165,Dovydas Giedraitis,ZAL,30,16.6,4.8,1.6,4.1,.398,0.8,1.8,.426,0.8,0.9,.923,0.3,0.7,1.0,1.0,1.1,0.0,0.8,1.7,6-4,165
2024,166,John DiBartolomeo,MAC,29,14.8,4.8,1.5,3.8,.394,1.1,2.9,.393,0.7,0.7,1.000,0.7,1.3,2.0,1.1,0.7,0.0,0.5,1.6,6-0,175
2024,167,Ognjen Dobric,BOL,28,13.4,4.7,1.9,3.7,.524,0.7,1.8,.408,0.1,0.2,.667,0.3,1.3,1.6,0.6,0.5,0.0,0.4,1.3,6-6,198
2024,169,Sertac Sanli,FEN,35,12.2,4.7,1.8,3.9,.457,0.6,1.6,.351,0.5,0.7,.783,0.6,1.4,2.0,0.5,0.1,0.3,0.5,2.5,7-0,254
2024,170,Diego Flaccadori,MIL,26,13.9,4.6,1.6,4.3,.375,0.5,1.6,.286,0.9,1.0,.889,0.0,1.0,1.0,1.1,0.7,0.0,0.8,1.9,6-5,172
2024,171,Bryant Dunston,BOL,36,19.3,4.5,1.9,3.2,.614,0.1,0.2,.333,0.6,1.2,.476,1.5,2.1,3.6,0.9,0.8,0.7,0.6,2.6,6-8,233
2024,174,Matthew Strazel,ASM,17,13.1,4.4,1.4,3.6,.387,0.5,1.5,.308,1.1,1.4,.792,0.0,0.6,0.6,1.8,0.5,0.0,0.3,1.1,6-0,178
2024,175,Erxhan Osmani,EFE,23,13.4,4.4,1.7,3.9,.438,0.6,1.7,.342,0.4,0.4,1.000,0.7,1.9,2.6,0.6,0.6,0.1,0.5,1.7,6-11,225
2024,176,Giordano Bortolani,MIL,18,7.5,4.4,1.4,3.3,.424,0.9,2.1,.447,0.7,0.7,.923,0.1,0.6,0.7,0.3,0.2,0.1,0.3,0.6,6-4,187
2024,178,Juancho Hernangomez,PAN,31,16.4,4.3,1.4,3.8,.356,0.6,2.3,.264,1.0,1.3,.756,1.0,2.5,3.5,0.5,0.6,0.3,0.8,1.2,6-9,215
2024,179,Tim Schneider,BER,33,16.1,4.3,1.7,4.3,.404,0.6,2.5,.247,0.2,0.5,.533,0.8,1.3,2.2,0.6,0.3,0.0,0.5,1.7,6-9,222
2024,180,Yam Madar,FEN,30,13.5,4.3,1.4,3.1,.457,0.4,1.3,.325,1.0,1.2,.829,0.3,0.8,1.2,2.0,0.6,0.1,0.9,1.6,6-3,180
2024,181,Danko Brankovic,BAY,25,10.0,4.2,1.8,2.9,.625,0.2,0.4,.444,0.5,0.6,.857,0.9,1.6,2.5,0.4,0.4,0.4,0.5,1.8,7-1,208
2024,182,Yakuba Ouattara,ASM,26,11.9,4.2,1.6,3.1,.513,0.9,1.8,.479,0.2,0.3,.714,0.6,0.9,1.5,0.1,0.2,0.0,0.2,1.0,6-4,220
2024,187,Charles Lombahe-Kahudi,LYV,29,17.3,3.9,1.5,4.1,.364,0.3,1.4,.244,0.6,0.8,.773,0.7,2.2,2.9,0.8,0.1,0.0,0.4,1.6,6-5,183
2024,188,Justin Bean,BER,27,15.4,3.9,1.5,3.5,.436,0.5,1.3,.361,0.4,0.5,.714,0.9,2.1,3.0,0.7,0.7,0.4,0.5,1.2,6-7,210
2024,189,Alessandro Pajola,BOL,34,17.0,3.9,1.2,3.1,.387,0.7,2.1,.352,0.7,1.0,.727,0.4,1.4,1.8,3.0,0.8,0.1,1.1,2.7,6-4,209
2024,192,Ignas Brazdeikis,OLY,27,10.9,3.6,1.3,3.9,.337,0.3,1.1,.226,0.7,1.0,.741,0.5,1.2,1.7,0.6,0.2,0.1,0.3,1.3,6-7,221
2024,193,Mbaye N'Diaye,LYV,22,15.8,3.6,1.6,3.1,.507,0.1,0.5,.182,0.3,0.6,.538,1.2,2.7,3.9,1.0,0.5,0.9,0.8,1.7,6-8,202
2024,194,Alberto Abalde,RMB,24,12.8,3.6,1.3,2.8,.441,0.8,1.9,.413,0.3,0.3,.875,0.3,1.6,1.9,0.7,0.4,0.0,0.2,1.0,6-7,215
2024,195,Ante Zizic,BOL,17,13.0,3.5,1.6,2.8,.574,0.0,0.0,.000,0.4,0.9,.400,1.1,1.6,2.6,0.5,0.1,0.6,0.7,1.5,6-11,254
2024,197,Ziga Samar,BER,14,12.4,3.4,1.3,3.6,.360,0.4,1.1,.400,0.4,0.5,.857,0.5,0.9,1.4,2.2,0.8,0.0,2.0,2.1,6-6,184
2024,198,Oscar da Silva,FCB,37,14.7,3.4,1.4,3.0,.482,0.2,0.9,.242,0.3,0.5,.600,1.3,1.5,2.8,0.4,0.6,0.3,0.3,1.7,6-9,230
2024,202,Mouhammadou Jaiteh,ASM,25,8.2,3.3,1.5,2.5,.587,0.0,0.0,.000,0.4,0.8,.450,1.0,1.2,2.2,0.2,0.2,0.1,0.4,1.1,6-11,247
2024,203,David Lighty,LYV,29,16.5,3.3,1.2,3.2,.376,0.5,1.5,.349,0.4,0.5,.733,0.3,1.2,1.4,1.0,0.6,0.0,0.5,1.9,6-6,216
2024,204,Jonas Mattisseck,BER,26,12.2,3.3,1.1,2.6,.412,0.9,2.0,.434,0.3,0.3,1.000,0.1,0.5,0.6,0.5,0.3,0.0,0.3,1.8,6-5,152
2024,205,Rudy Fernandez,RMB,24,15.4,3.3,1.0,2.8,.373,1.0,2.6,.365,0.3,0.3,.857,0.3,1.6,1.9,1.5,0.9,0.0,0.3,1.3,6-6,185
2024,206,Balsa Koprivica,PAR,14,8.3,3.3,1.4,1.7,.833,0.0,0.0,.000,0.4,0.4,1.000,0.6,1.1,1.7,0.3,0.2,0.6,0.6,1.8,7-1,240
2024,207,Ognjen Jaramaz,PAR,22,12.8,3.2,1.3,3.4,.373,0.4,1.7,.211,0.3,0.7,.467,0.5,1.0,1.5,1.5,0.5,0.0,0.5,2.0,6-4,181
2024,208,Devontae Cacok,BOL,15,9.1,3.2,1.3,1.9,.714,0.0,0.0,.000,0.5,0.8,.667,0.6,1.7,2.3,0.5,0.3,0.1,0.7,1.7,6-7,240
2024,210,Achille Polonara,BOL,21,12.6,3.1,1.2,2.7,.439,0.6,1.4,.448,0.1,0.2,.600,0.9,1.8,2.7,1.2,0.5,0.5,0.5,1.3,6-8,198
2024,211,Jake Cohen,MAC,36,10.3,3.0,1.2,2.6,.467,0.5,1.3,.378,0.1,0.1,1.000,0.3,0.9,1.2,0.9,0.2,0.0,0.3,1.9,6-10,235
2024,212,Niels Giffey,BAY,31,13.1,3.0,1.1,2.9,.382,0.4,1.5,.277,0.4,0.5,.733,0.5,1.1,1.7,0.4,0.5,0.0,0.3,1.5,6-7,205
2024,213,Joel Parra,FCB,26,13.1,3.0,1.1,3.0,.359,0.5,1.7,.273,0.3,0.5,.692,0.8,1.3,2.2,0.4,0.2,0.1,0.5,1.3,6-8,210
2024,215,Eli John N'Diaye,RMB,23,11.2,2.9,1.1,2.4,.455,0.3,1.1,.320,0.3,0.5,.667,0.9,1.4,2.3,0.5,0.4,0.2,0.4,1.7,6-8,183
2024,217,Olek Balcerowski,PAN,24,7.6,2.8,1.0,1.8,.523,0.0,0.4,.111,0.9,1.3,.700,0.6,0.8,1.3,0.3,0.2,0.4,0.3,1.5,7-1,230
2024,218,Petr Cornelie,ASM,28,9.9,2.8,1.1,2.5,.423,0.5,1.5,.333,0.2,0.4,.455,0.8,1.0,1.8,0.7,0.3,0.3,0.5,1.6,6-11,220
2024,220,Khalifa Diop,BASK,13,9.4,2.8,1.0,1.9,.520,0.0,0.0,.000,0.8,1.2,.625,1.0,0.9,1.9,0.3,0.2,0.2,0.9,1.5,6-10,231
2024,221,Branko Lazic,ZVE,22,13.8,2.7,0.9,2.7,.322,0.5,1.7,.289,0.5,0.5,.917,0.6,0.8,1.5,0.4,0.4,0.0,0.3,2.6,6-5,192
2024,223,Rafi Manco,MAC,20,8.3,2.7,1.0,2.4,.426,0.6,1.3,.423,0.1,0.2,.500,0.4,1.0,1.4,0.3,0.2,0.1,0.5,1.2,6-5,185
2024,224,Kostas Antetokounmpo,PAN,31,7.2,2.6,1.0,1.6,.633,0.0,0.0,.000,0.6,1.5,.391,0.7,1.0,1.7,0.2,0.2,0.7,0.5,1.6,6-10,200
2024,226,Freddie Gillespie,ZVE,15,8.1,2.5,1.1,1.8,.593,0.0,0.0,.000,0.4,0.9,.462,0.9,1.1,1.9,0.5,0.3,0.5,0.3,2.3,6-9,245
2024,230,Panagiotis Kalaitzakis,PAN,28,6.3,2.3,0.9,1.8,.510,0.2,0.7,.250,0.3,0.3,1.000,0.3,0.6,0.9,0.3,0.3,0.0,0.2,0.9,6-6,194
2024,231,Justus Hollatz,EFE,24,10.4,2.3,0.9,2.2,.415,0.2,0.9,.227,0.2,0.3,.833,0.4,0.8,1.2,1.3,0.4,0.0,0.3,1.2,6-3,180
2024,232,Freddie Gillespie,BAY,13,9.2,2.2,1.0,2.0,.500,0.0,0.0,.000,0.2,0.3,.750,0.9,1.5,2.4,0.2,0.2,0.3,0.5,2.1,6-9,245
2024,234,Dalibor Ilic,ZVE,15,8.8,2.0,0.9,1.5,.591,0.2,0.5,.429,0.1,0.3,.250,0.6,1.1,1.7,0.4,0.2,0.1,0.2,1.2,6-8,198
2024,239,Erkan Yilmaz,EFE,13,9.5,1.5,0.6,1.8,.348,0.3,1.1,.286,0.0,0.3,.000,0.5,1.4,1.9,1.2,0.7,0.3,0.5,1.8,6-6,192
2024,245,Stefan Lazarevic,ZVE,19,6.9,1.2,0.5,0.9,.500,0.1,0.3,.333,0.1,0.1,1.000,0.2,0.7,0.9,0.2,0.2,0.0,0.2,1.4,6-6,180
2024,246,Erten Gazi,EFE,10,8.7,0.9,0.3,2.3,.130,0.1,1.7,.059,0.2,0.4,.500,0.2,0.3,0.5,0.4,0.1,0.0,0.5,0.9,6-3,205
2024,247,Sander Raieste,BASK,30,6.6,0.9,0.4,1.0,.355,0.1,0.6,.222,0.0,0.0,.000,0.1,0.5,0.6,0.3,0.1,0.0,0.2,1.2,6-8,210
2024,248,Giampaolo Ricci,MIL,22,7.0,0.8,0.3,1.4,.226,0.2,1.0,.174,0.0,0.0,.000,0.5,0.6,1.1,0.1,0.3,0.1,0.0,1.4,6-7,224
2023,1,Sasha Vezenkov,OLY,40,29.2,17.6,6.5,12.2,.536,2.0,5.2,.378,2.6,2.9,.879,1.6,5.3,6.8,1.9,0.9,0.3,1.0,1.6,6-8,225
2023,2,Wade Baldwin IV,MAC,34,28.1,17.2,6.0,13.8,.438,1.9,5.8,.327,3.2,3.9,.821,0.5,3.2,3.8,5.1,0.9,0.3,2.6,2.8,6-4,220
2023,3,Will Clyburn,EFE,34,33.1,16.7,5.6,12.9,.436,2.1,5.7,.366,3.3,4.0,.830,1.0,4.7,5.7,2.1,1.0,0.2,1.6,2.1,6-6,210
2023,5,Lorenzo Brown,MAC,35,31.6,16.4,6.1,13.7,.444,1.9,5.3,.353,2.3,2.6,.911,0.3,2.7,3.0,5.5,1.1,0.1,3.0,2.0,6-5,189
2023,6,Kevin Punter,PAR,37,27.9,16.1,5.2,11.0,.469,2.2,4.9,.443,3.6,3.9,.917,0.3,1.8,2.1,2.5,1.0,0.1,1.3,2.7,6-2,190
2023,8,Mike James,ASM,38,30.4,15.9,5.1,13.3,.382,1.5,5.5,.273,4.3,5.4,.783,0.6,3.1,3.7,4.4,1.0,0.0,2.2,1.7,6-1,190
2023,9,Keenan Evans,ZAL,17,26.2,15.9,5.1,10.1,.506,2.6,5.6,.458,3.1,3.8,.813,0.3,2.9,3.2,3.7,1.0,0.2,2.1,2.3,6-3,190
2023,10,Nikola Mirotic,FCB,29,25.0,15.4,5.1,10.3,.498,2.0,5.1,.392,3.1,3.9,.804,1.5,2.8,4.3,1.2,1.0,0.4,1.4,1.9,6-10,250
2023,11,Shabazz Napier,MIL,12,24.8,15.0,4.2,9.2,.455,2.6,5.7,.456,4.1,4.7,.875,0.3,1.4,1.8,3.9,1.1,0.0,2.0,2.3,6-1,180
2023,12,Dzanan Musa,RMB,41,23.8,14.8,4.4,9.1,.489,1.5,4.1,.371,4.4,5.1,.861,0.6,2.5,3.1,2.7,0.4,0.2,1.6,1.8,6-9,217
2023,14,Markus Howard,BASK,33,20.5,14.2,4.6,11.5,.402,2.7,7.3,.365,2.4,2.7,.886,0.2,1.1,1.4,1.2,0.6,0.0,1.6,2.6,5-11,180
2023,15,Nando De Colo,LYV,29,23.7,13.8,4.4,9.2,.477,1.6,3.9,.411,3.4,3.8,.917,0.1,2.5,2.6,3.5,1.0,0.0,2.9,1.6,6-5,195
2023,17,Nemanja Nedovic,ZVE,27,20.9,13.3,4.5,11.5,.390,1.6,5.8,.280,2.7,3.2,.860,0.2,1.0,1.2,2.9,0.7,0.0,1.6,1.5,6-3,192
2023,19,Luca Vildoza,ZVE,29,24.2,12.6,4.1,9.9,.416,1.9,5.3,.355,2.5,2.8,.901,0.4,2.1,2.5,3.9,1.4,0.1,2.6,1.6,6-3,190
2023,20,Darius Thompson,BASK,34,26.9,12.6,4.6,9.4,.497,1.3,3.3,.384,2.0,2.6,.756,1.1,2.1,3.2,6.7,1.7,0.4,2.6,2.5,6-4,196
2023,21,Elie Okobo,ASM,41,26.0,12.5,4.0,9.0,.441,1.3,4.0,.331,3.3,3.9,.838,0.3,1.9,2.1,3.6,1.0,0.2,2.0,2.5,6-3,190
2023,22,Jordan Loyd,ASM,34,25.3,12.5,3.9,8.7,.444,1.6,4.1,.376,3.1,3.5,.899,0.3,2.1,2.4,2.7,1.3,0.1,1.2,2.6,6-4,210
2023,24,Marko Guduric,FEN,38,23.9,12.3,3.9,8.2,.481,1.8,4.4,.402,2.6,3.2,.833,0.6,2.4,3.0,3.2,0.9,0.0,1.9,2.6,6-6,201
2023,25,Gabriel Deck,RMB,31,26.1,12.3,4.4,7.7,.571,0.5,1.5,.319,3.0,3.5,.845,1.4,4.0,5.4,1.9,0.5,0.1,1.4,2.1,6-8,232
2023,26,Mathias Lessort,PAR,38,30.2,12.0,4.3,6.4,.674,0.0,0.0,.000,3.4,4.7,.734,3.1,4.0,7.1,1.4,0.9,0.8,1.4,2.7,6-9,250
2023,27,Shane Larkin,EFE,17,28.7,11.9,3.7,8.5,.438,2.2,5.6,.385,2.3,2.9,.796,0.2,2.2,2.5,4.8,1.1,0.0,2.4,1.6,5-11,175
2023,29,Ignas Brazdeikis,ZAL,35,22.4,11.6,4.4,10.1,.440,0.9,2.8,.313,1.9,2.3,.805,0.8,2.1,2.9,1.3,0.4,0.1,1.4,1.7,6-7,221
2023,31,Maodo Lo,BER,26,21.9,11.6,3.9,9.4,.416,1.8,5.0,.354,2.0,2.3,.836,0.3,1.4,1.7,2.8,0.6,0.0,1.7,1.3,6-3,194
2023,32,Zach LeDay,PAR,39,31.0,11.4,4.1,8.2,.500,0.8,2.2,.384,2.4,2.8,.853,1.1,3.9,5.1,1.2,0.7,0.3,1.0,2.4,6-7,230
2023,33,Edy Tavares,RMB,40,25.0,11.2,4.3,6.4,.676,0.0,0.0,.000,2.6,3.3,.780,2.7,4.3,6.9,1.5,0.9,2.2,2.1,3.1,7-3,265
2023,34,Paris Lee,PAN,33,27.2,11.2,3.5,9.4,.377,1.7,5.2,.333,2.3,2.9,.811,0.2,1.6,1.8,3.9,1.3,0.0,2.0,2.2,6-0,185
2023,35,Scottie Wilbekin,FEN,25,23.7,11.1,3.8,9.3,.408,2.2,6.2,.357,1.3,1.8,.733,0.2,1.5,1.7,2.6,1.0,0.0,1.3,1.8,6-2,176
2023,37,Kostas Sloukas,OLY,36,22.8,11.0,3.3,7.4,.440,1.1,3.3,.325,3.5,3.8,.906,0.1,1.9,2.1,5.6,0.3,0.1,2.1,1.4,6-2,210
2023,40,Rodrigue Beaubois,EFE,30,25.3,10.8,4.2,7.8,.536,1.8,3.7,.486,0.7,0.8,.870,0.2,1.8,2.1,2.0,1.1,0.8,0.9,2.1,6-1,183
2023,41,"Bonzie Colson, Jr.",MAC,39,26.1,10.7,4.1,8.1,.506,1.1,3.0,.376,1.4,1.8,.775,1.7,3.9,5.6,0.5,1.3,0.7,0.7,2.4,6-5,225
2023,42,Filip Petrusev,ZVE,34,22.7,10.7,4.0,7.3,.542,0.6,1.7,.351,2.1,3.1,.695,1.4,3.8,5.2,0.7,0.5,0.7,1.2,2.1,6-11,225
2023,44,Mario Hezonja,RMB,39,20.6,10.6,3.7,7.9,.466,2.0,4.6,.433,1.2,1.6,.758,0.3,2.7,3.0,1.1,0.7,0.2,1.3,1.9,6-8,220
2023,45,Nigel Hayes,FEN,39,30.5,10.5,3.7,7.4,.500,1.3,3.1,.405,1.8,2.5,.750,1.4,3.0,4.4,1.5,1.2,0.3,0.5,2.4,6-8,254
2023,46,Alpha Diallo,ASM,41,24.8,10.5,3.7,8.1,.459,0.8,2.5,.298,2.3,3.0,.750,1.5,2.7,4.2,2.0,1.3,0.3,1.3,2.9,6-6,207
2023,48,Nicolas Laprovittola,FCB,39,23.7,10.4,3.2,7.3,.438,2.0,4.8,.418,2.0,2.3,.868,0.6,1.6,2.2,4.6,0.7,0.0,2.2,2.7,6-4,180
2023,49,Rokas Giedraitis,BASK,34,26.6,10.4,3.7,8.4,.444,1.1,3.9,.293,1.8,2.1,.822,1.4,4.4,5.9,1.6,0.9,0.2,0.6,1.7,6-7,179
2023,51,Milos Teodosic,BOL,26,19.5,10.3,2.9,7.2,.404,2.2,5.5,.394,2.3,2.6,.897,0.3,1.3,1.6,6.0,0.6,0.1,3.3,2.7,6-5,196
2023,52,Brandon Davies,MIL,33,18.4,10.2,3.7,7.0,.535,0.2,0.6,.350,2.5,3.6,.703,0.9,2.4,3.2,1.9,0.6,0.3,1.7,2.3,6-10,240
2023,53,Edgaras Ulanovas,ZAL,37,28.2,10.2,3.2,7.2,.449,0.9,2.2,.395,2.9,3.4,.835,1.3,2.0,3.3,2.5,0.9,0.1,2.1,2.0,6-6,192
2023,54,Marco Belinelli,BOL,21,16.9,10.0,3.2,7.7,.422,2.1,5.1,.407,1.4,1.5,.935,0.1,1.2,1.4,1.1,0.5,0.0,0.6,1.3,6-5,225
2023,56,Andreas Obst,BAY,25,20.0,9.9,3.4,8.2,.412,2.6,6.7,.395,0.6,0.6,1.000,0.1,1.7,1.8,1.3,0.6,0.1,1.0,1.8,6-3,200
2023,57,Ognjen Dobric,ZVE,31,23.7,9.9,3.8,8.6,.440,1.4,4.4,.324,0.8,1.1,.743,0.7,1.8,2.5,1.6,0.5,0.0,1.0,1.7,6-6,198
2023,58,Rolands Smits,ZAL,37,23.4,9.7,3.6,7.3,.491,1.2,3.2,.383,1.3,1.5,.855,1.5,3.2,4.7,1.1,0.4,0.1,1.4,2.9,6-10,235
2023,59,Guerschon Yabusele,RMB,29,23.9,9.7,3.4,6.8,.510,1.1,2.6,.421,1.7,2.4,.710,0.9,3.0,4.0,1.3,0.8,0.3,1.0,1.6,6-8,265
2023,60,Tornike Shengelia,BOL,23,22.7,9.4,3.3,6.7,.484,0.5,1.1,.462,2.4,3.2,.753,0.8,2.2,3.0,3.1,0.9,0.3,2.1,2.2,6-9,220
2023,61,Jasiel Rivero,VAL,24,18.8,9.4,3.4,6.3,.547,0.1,0.6,.214,2.5,3.5,.711,1.9,1.6,3.5,0.5,0.8,0.3,1.4,2.6,6-9,220
2023,62,Timothe Luwawu-Cabarrot,MIL,24,21.5,9.4,3.6,8.1,.446,1.0,3.0,.333,1.2,1.4,.824,0.6,2.0,2.6,1.1,0.6,0.1,1.8,2.6,6-7,210
2023,63,Youssoupha Fall,LYV,34,19.9,9.3,3.6,5.3,.685,0.0,0.0,.000,2.0,2.9,.697,2.3,3.9,6.1,0.3,0.3,0.3,1.2,2.9,7-3,271
2023,64,Jan Vesely,FCB,38,20.0,9.3,3.8,6.5,.577,0.0,0.1,.000,1.8,2.3,.791,1.2,2.8,4.0,1.5,0.8,0.3,1.2,2.4,6-11,240
2023,68,Vanja Marinkovic,BASK,34,19.9,9.1,3.1,7.1,.440,1.8,4.5,.403,1.0,1.2,.810,0.4,1.2,1.6,1.1,0.5,0.0,0.6,2.1,6-6,194
2023,69,Shaquielle McKissic,OLY,41,17.7,9.0,3.2,6.3,.514,0.9,2.9,.319,1.6,2.4,.684,0.4,1.0,1.4,1.5,0.8,0.0,0.9,1.1,6-5,200
2023,70,Tyler Dorsey,FEN,13,21.4,9.0,2.9,7.5,.392,1.3,4.0,.327,1.8,2.4,.774,0.1,1.4,1.5,1.5,0.4,0.0,1.1,2.3,6-5,183
2023,73,Vladimir Lucic,BAY,17,24.4,8.8,2.6,6.2,.429,1.2,2.9,.429,2.3,2.4,.951,0.8,1.8,2.6,0.8,0.8,0.1,0.9,2.1,6-8,200
2023,75,Kostas Papanikolaou,OLY,38,25.3,8.7,3.2,6.0,.526,1.4,3.3,.429,0.9,1.3,.729,0.7,3.0,3.8,1.9,0.7,0.2,1.4,1.6,6-8,225
2023,77,George Papagiannis,PAN,33,23.7,8.5,3.6,6.2,.576,0.5,1.1,.486,0.8,1.1,.750,1.7,4.0,5.7,0.7,0.4,1.2,1.2,2.1,7-2,275
2023,78,Elijah Bryant,EFE,34,22.7,8.5,3.2,6.1,.524,0.9,2.3,.390,1.3,1.5,.860,0.7,3.4,4.1,1.5,0.7,0.4,1.4,2.2,6-5,210
2023,79,Donatas Motiejunas,ASM,41,17.8,8.5,3.5,6.0,.573,0.2,1.0,.250,1.3,2.3,.558,1.3,2.4,3.7,0.8,0.3,0.1,0.9,1.7,7-0,222
2023,80,Tomas Satoransky,FCB,36,24.4,8.4,3.0,5.8,.514,1.0,2.1,.487,1.4,1.7,.823,0.8,3.0,3.8,4.3,0.7,0.1,1.8,2.4,6-7,210
2023,81,Ben Bentil,ZVE,30,20.2,8.4,3.0,6.8,.448,0.9,2.4,.375,1.5,2.0,.721,1.2,2.6,3.8,1.1,0.7,0.2,1.4,2.2,6-9,235
2023,83,Mouhammadou Jaiteh,BOL,33,18.6,8.4,3.5,5.8,.594,0.0,0.0,.000,1.5,2.6,.565,1.6,3.1,4.7,0.7,0.6,0.2,1.6,2.1,6-11,247
2023,84,Shavon Shields,MIL,10,21.9,8.2,2.7,6.7,.403,1.0,2.9,.345,1.8,2.2,.818,0.2,2.1,2.3,2.2,0.7,0.1,1.1,1.7,6-7,225
2023,85,Marius Grigonis,PAN,27,17.9,8.1,2.2,5.1,.435,1.4,3.1,.435,2.3,2.8,.840,0.3,1.2,1.6,1.6,0.4,0.0,1.3,2.4,6-6,195
2023,86,Matt Thomas,PAN,10,18.4,8.1,2.6,5.8,.448,1.7,4.2,.405,1.2,1.6,.750,0.4,1.6,2.0,0.4,0.6,0.0,1.0,1.8,6-4,190
2023,87,Louis Olinde,BER,27,22.4,8.1,2.9,5.6,.507,0.9,2.4,.391,1.4,1.8,.796,1.2,3.1,4.3,1.1,0.6,0.3,1.1,1.9,6-9,195
2023,88,David Lighty,LYV,28,22.8,8.1,2.9,6.3,.457,0.8,1.9,.426,1.5,2.1,.729,0.8,1.6,2.4,1.5,0.7,0.0,1.4,1.9,6-6,216
2023,89,James Webb III,VAL,32,21.5,8.0,3.0,6.5,.459,1.7,4.3,.384,0.4,0.8,.583,0.9,3.2,4.1,0.6,0.9,0.4,0.7,2.5,6-9,202
2023,90,Nick Calathes,FEN,39,25.7,8.0,3.4,7.6,.440,1.0,2.9,.336,0.3,0.9,.382,0.5,3.5,4.0,4.9,1.1,0.0,2.2,2.2,6-6,213
2023,91,Gabriel Lundberg,BOL,29,20.6,8.0,2.8,6.4,.433,0.9,3.1,.297,1.5,1.7,.860,0.2,1.9,2.2,2.0,0.7,0.0,1.2,1.5,6-4,202
2023,92,Carsen Edwards,FEN,34,15.4,8.0,2.9,7.2,.398,1.1,3.4,.342,1.1,1.3,.864,0.2,1.1,1.3,1.1,0.6,0.1,1.0,1.8,5-11,200
2023,94,Nicolo Melli,MIL,32,25.3,7.9,3.0,6.1,.497,0.8,2.2,.362,1.1,1.7,.660,1.3,4.0,5.3,1.3,1.0,0.3,1.2,2.5,6-9,235
2023,97,Devon Hall,MIL,25,30.0,7.8,2.5,6.7,.377,1.0,3.2,.321,1.8,2.1,.846,0.4,2.2,2.6,2.3,0.9,0.1,1.8,2.2,6-5,215
2023,98,Tamir Blatt,BER,30,19.9,7.8,2.3,6.8,.345,2.0,5.6,.363,1.1,1.3,.895,0.2,1.1,1.2,4.5,0.3,0.0,2.2,0.9,6-3,180
2023,101,Ante Zizic,EFE,31,15.7,7.7,3.3,4.7,.703,0.0,0.0,.000,1.2,1.8,.655,1.5,2.1,3.7,0.7,0.4,0.3,0.6,1.5,6-11,254
2023,102,Nick Weiler-Babb,BAY,31,25.5,7.7,2.7,7.5,.368,1.4,4.2,.331,0.8,1.0,.781,0.9,2.5,3.5,2.0,0.6,0.3,0.7,2.2,6-5,205
2023,104,Luka Mitrovic,ZVE,31,18.9,7.6,3.0,4.7,.639,0.0,0.0,1.000,1.5,2.2,.687,1.7,2.7,4.4,1.9,0.3,0.2,1.4,2.4,6-8,200
2023,106,Donta Hall,ASM,41,18.6,7.5,3.0,4.1,.725,0.0,0.0,.000,1.6,2.3,.710,2.1,3.4,5.5,0.5,0.5,0.9,0.5,2.3,6-9,229
2023,107,Alex Abrines,FCB,35,17.6,7.4,2.4,5.2,.456,1.9,3.9,.478,0.8,1.0,.853,0.5,1.5,2.0,0.9,0.6,0.1,0.6,2.4,6-6,190
2023,108,Josh Nebo,MAC,39,21.6,7.4,3.0,4.6,.648,0.0,0.0,.000,1.5,2.4,.613,2.3,3.9,6.2,0.6,0.4,0.5,0.9,1.9,6-9,244
2023,109,Nigel Williams-Goss,RMB,26,15.8,7.4,2.9,5.5,.528,0.6,1.5,.385,1.0,1.3,.771,0.2,1.2,1.3,1.7,0.6,0.0,1.0,1.9,6-3,190
2023,110,Naz Long,MIL,21,17.6,7.4,2.3,6.3,.371,1.5,4.2,.352,1.2,1.3,.929,0.3,1.7,2.0,2.0,0.4,0.0,1.8,2.5,6-4,218
2023,112,Thomas Walkup,OLY,41,25.1,7.3,2.7,6.1,.444,1.0,2.9,.336,0.9,1.0,.854,0.6,2.1,2.8,5.7,1.8,0.1,1.8,2.4,6-4,195
2023,113,Moustapha Fall,OLY,40,22.0,7.2,3.1,4.2,.722,0.0,0.0,.000,1.1,2.2,.523,1.7,3.2,4.9,2.1,0.6,0.8,1.4,2.2,7-2,235
2023,114,Dyshawn Pierre,FEN,29,22.8,7.2,2.7,5.7,.482,1.2,2.4,.486,0.6,1.0,.586,1.2,2.5,3.8,1.6,0.3,0.2,1.0,1.0,6-6,230
2023,117,Daulton Hommes,BASK,31,19.9,7.0,2.1,5.0,.429,1.3,3.5,.361,1.5,1.6,.902,0.7,2.2,2.9,1.6,0.4,0.4,0.8,2.4,6-8,215
2023,119,Lukas Lekavicius,ZAL,32,15.9,6.9,2.3,5.0,.469,0.8,2.1,.388,1.4,1.5,.918,0.1,1.0,1.1,1.5,0.3,0.1,1.5,1.5,6-0,167
2023,121,Roman Sorkin,MAC,36,16.3,6.8,2.9,4.5,.652,0.1,0.4,.154,0.9,1.4,.667,1.8,1.4,3.2,0.8,0.3,0.8,0.6,1.8,6-10,225
2023,122,Niels Giffey,BAY,26,19.4,6.8,2.4,4.8,.500,1.0,2.2,.482,1.0,1.1,.929,0.8,1.7,2.5,0.7,0.7,0.0,0.5,2.0,6-7,205
2023,125,Tibor Pleiss,EFE,33,15.1,6.7,2.8,5.2,.535,0.5,1.4,.326,0.6,0.7,.913,1.1,1.8,2.9,0.5,0.2,0.3,0.6,1.4,7-3,256
2023,127,Isaia Cordinier,BOL,19,18.0,6.6,2.3,5.4,.427,0.6,2.4,.239,1.4,1.7,.788,0.4,2.0,2.4,1.5,0.8,0.1,1.3,2.3,6-5,197
2023,128,Yanni Wetzell,BER,31,12.7,6.5,2.6,5.0,.519,0.0,0.0,.000,1.3,1.9,.707,1.1,1.7,2.8,0.5,0.3,0.4,0.8,1.8,6-10,240
2023,131,Nikola Kalinic,FCB,38,22.5,6.4,2.3,4.8,.478,0.8,2.1,.405,0.9,1.3,.700,0.7,2.6,3.3,1.6,0.7,0.2,1.2,1.6,6-8,222
2023,132,Giannoulis Larentzakis,OLY,41,14.4,6.4,2.1,5.1,.408,1.3,3.6,.372,0.9,1.2,.729,0.3,1.4,1.8,1.0,0.5,0.0,1.0,2.1,6-5,200
2023,133,Daniel Hackett,BOL,32,21.9,6.4,2.1,4.2,.496,0.8,2.0,.397,1.5,1.9,.758,0.3,1.8,2.1,2.9,0.6,0.0,1.8,2.2,6-5,215
2023,134,Isaac Bonga,BAY,30,20.3,6.4,2.1,5.4,.391,0.7,2.0,.333,1.5,1.9,.804,1.6,2.3,3.9,1.1,0.8,0.1,1.1,2.5,6-8,180
2023,135,Ognjen Jaramaz,BAY,25,15.6,6.4,1.9,4.8,.392,0.8,2.3,.328,1.8,2.1,.885,0.2,1.1,1.2,1.5,0.3,0.0,1.2,2.1,6-4,181
2023,138,Isaiah Canaan,OLY,39,16.1,6.3,2.2,5.7,.390,1.4,3.7,.382,0.4,0.6,.667,0.3,0.7,1.0,0.9,0.6,0.1,0.8,1.9,6-0,200
2023,140,Charles Lombahe-Kahudi,LYV,29,18.8,6.2,2.1,5.0,.411,0.9,2.7,.351,1.2,1.3,.895,0.6,1.9,2.5,0.4,0.4,0.1,0.7,1.8,6-5,183
2023,141,Sertac Sanli,FCB,36,17.2,6.2,2.4,5.3,.455,0.6,2.3,.265,0.8,1.0,.857,1.0,2.1,3.1,1.0,0.3,0.5,1.0,2.9,7-0,254
2023,142,John DiBartolomeo,MAC,39,16.9,6.2,1.7,4.2,.412,1.3,3.1,.417,1.4,1.4,.982,0.6,1.3,1.9,1.1,0.8,0.0,0.5,2.4,6-0,175
2023,144,Sergio Llull,RMB,29,16.8,6.1,1.8,5.9,.306,1.1,3.8,.294,1.4,1.6,.913,0.1,1.1,1.2,2.3,0.3,0.0,1.0,1.2,6-3,190
2023,145,Vincent Poirier,RMB,32,14.6,6.1,2.4,3.9,.603,0.1,0.2,.400,1.3,1.7,.727,1.5,2.5,4.0,0.6,0.3,0.9,0.8,2.3,7-0,235
2023,147,Khalifa Koumadje,BER,31,13.3,6.0,2.6,3.7,.707,0.0,0.0,.000,0.7,1.3,.550,1.5,2.3,3.7,0.2,0.3,1.0,0.8,2.2,7-4,269
2023,149,Tomas Dimsa,ZAL,36,15.8,5.9,2.1,5.4,.383,1.1,3.2,.342,0.7,1.0,.722,0.4,0.7,1.1,0.9,0.5,0.1,0.9,2.1,6-5,180
2023,150,Nico Mannion,BOL,19,13.4,5.9,1.9,5.0,.379,1.1,2.9,.382,1.0,1.2,.864,0.2,1.3,1.4,2.6,0.4,0.0,1.3,1.4,6-3,190
2023,152,Tadas Sedekerskis,BASK,23,18.7,5.9,2.1,3.6,.598,0.4,1.2,.357,1.2,1.3,.871,1.0,3.1,4.2,1.0,0.8,0.0,0.5,1.3,6-9,205
2023,153,Devin Booker,FEN,31,21.1,5.8,2.1,4.6,.458,0.5,1.7,.321,1.0,1.4,.762,1.6,1.7,3.3,1.1,0.4,0.6,0.7,2.6,6-8,250
2023,154,Petr Cornelie,RMB,33,14.6,5.8,2.1,4.1,.511,1.0,2.6,.395,0.6,0.7,.833,0.6,2.5,3.1,0.5,0.3,0.1,0.4,1.4,6-11,220
2023,155,Yam Madar,PAR,38,13.4,5.8,2.1,4.7,.453,0.6,1.9,.338,0.9,1.1,.875,0.4,0.8,1.2,1.6,0.6,0.2,0.8,1.8,6-3,180
2023,157,Gabriele Procida,BER,27,14.6,5.7,2.0,5.1,.396,0.7,2.9,.241,0.9,1.2,.758,0.6,1.1,1.8,0.5,0.5,0.3,0.9,1.4,6-6,191
2023,158,Alex Tyus,LYV,25,17.8,5.7,2.5,3.6,.689,0.0,0.0,.000,0.7,1.2,.621,1.6,2.7,4.3,0.4,0.5,0.8,0.8,1.9,6-8,220
2023,163,Melih Mahmutoglu,FEN,19,10.4,5.4,1.8,4.2,.438,1.4,3.5,.403,0.3,0.3,1.000,0.1,0.6,0.7,0.4,0.1,0.0,0.0,1.0,6-3,187
2023,165,Alen Smailagic,PAR,30,10.7,5.4,2.0,3.6,.556,0.7,1.4,.465,0.7,1.2,.629,1.1,0.9,2.0,0.4,0.5,0.4,0.5,2.3,6-10,215
2023,166,John Brown,ASM,41,22.4,5.4,2.3,4.7,.485,0.1,0.2,.375,0.7,1.1,.682,2.1,1.4,3.5,0.8,1.1,0.2,0.7,2.6,6-8,205
2023,167,Laurynas Birutis,ZAL,37,13.1,5.4,2.2,3.4,.635,0.0,0.0,.000,1.1,1.4,.736,1.3,1.8,3.1,0.4,0.2,0.3,0.6,1.4,7-1,242
2023,168,Ioannis Papapetrou,PAR,38,20.6,5.4,2.0,4.8,.410,0.7,2.0,.368,0.7,0.9,.722,0.5,1.8,2.3,0.9,0.4,0.2,0.7,1.8,6-8,225
2023,169,Kevarrius Hayes,ZAL,37,17.6,5.4,2.1,4.2,.500,0.0,0.0,.000,1.1,1.6,.724,2.2,2.2,4.4,0.5,0.7,0.9,0.8,2.1,6-9,227
2023,170,Rokas Jokubaitis,FCB,39,14.8,5.3,1.8,4.4,.416,0.5,1.2,.413,1.2,1.5,.776,0.3,1.7,2.0,2.6,0.3,0.1,0.9,1.2,6-4,182
2023,171,Arnas Butkevicius,ZAL,37,22.5,5.3,1.6,3.8,.414,0.5,1.8,.254,1.7,1.9,.873,1.0,2.7,3.7,1.6,1.1,0.3,1.2,2.8,6-4,203
2023,172,Elias Harris,BAY,15,14.1,5.1,1.8,3.5,.509,0.0,0.5,.000,1.5,2.0,.767,0.3,1.5,1.8,0.4,0.2,0.0,0.7,1.3,6-8,239
2023,175,Jaron Blossomgame,ASM,38,17.4,5.0,1.9,4.4,.432,0.5,2.0,.250,0.7,1.2,.556,0.9,1.8,2.7,0.2,0.3,0.2,0.3,1.9,6-8,220
2023,179,Johannes Voigtmann,MIL,30,15.7,4.9,1.9,4.7,.407,0.8,2.5,.320,0.3,0.6,.529,1.2,2.8,4.0,1.5,0.4,0.3,0.7,1.4,6-11,228
2023,182,Achille Polonara,ZAL,20,18.0,4.7,1.6,3.8,.421,0.8,2.2,.364,0.7,1.0,.684,0.7,3.6,4.3,1.4,0.7,0.5,0.5,1.2,6-8,198
2023,183,Alec Peters,OLY,37,13.2,4.6,1.5,3.6,.425,0.8,2.0,.411,0.7,0.8,.964,0.6,1.8,2.5,0.4,0.4,0.1,0.6,1.5,6-9,225
2023,184,Stefano Tonut,MIL,24,15.2,4.5,1.8,3.3,.532,0.5,1.3,.387,0.5,0.7,.688,0.4,1.6,2.0,1.0,0.5,0.0,0.5,1.0,6-4,195
2023,186,Tarik Black,OLY,35,10.3,4.4,1.5,2.3,.630,0.0,0.0,.000,1.5,2.2,.675,1.0,0.7,1.7,0.5,0.6,0.3,0.9,2.3,6-9,250
2023,187,Freddie Gillespie,BAY,34,18.9,4.3,2.0,4.0,.493,0.0,0.0,.000,0.4,1.1,.361,2.5,3.5,6.0,0.4,0.6,1.0,1.4,2.8,6-9,245
2023,188,Bryant Dunston,EFE,29,13.6,4.3,1.7,2.7,.623,0.0,0.2,.000,1.0,1.3,.763,1.2,1.7,2.9,0.6,0.8,0.4,0.6,1.9,6-8,233
2023,189,Rudy Fernandez,RMB,20,17.4,4.3,1.5,4.3,.337,1.2,3.9,.299,0.3,0.3,1.000,0.5,1.7,2.2,1.5,0.8,0.2,0.6,2.1,6-6,185
2023,192,Fabien Causeur,RMB,29,12.7,4.0,1.4,3.6,.381,0.7,1.9,.364,0.6,0.8,.773,0.3,0.9,1.1,1.2,0.4,0.1,0.7,1.6,6-3,198
2023,193,Chima Moneke,ASM,16,12.6,3.9,1.3,2.6,.476,0.0,0.2,.000,1.4,1.6,.885,1.1,2.0,3.1,0.5,0.3,0.2,0.7,1.9,6-6,222
2023,194,Malte Delow,BER,25,14.3,3.9,1.6,3.0,.526,0.6,1.4,.389,0.2,0.3,.571,0.5,1.5,2.0,1.0,0.7,0.1,1.0,2.1,6-6,170
2023,196,Joel Bolomboy,OLY,35,11.3,3.8,1.5,2.4,.600,0.1,0.1,.500,0.8,1.2,.674,1.2,1.8,3.0,0.5,0.2,0.3,0.7,1.5,6-9,235
2023,197,Yakuba Ouattara,ASM,35,11.2,3.7,1.5,3.2,.460,0.7,1.9,.354,0.1,0.2,.500,0.3,0.7,1.0,0.3,0.4,0.0,0.1,1.2,6-4,220
2023,201,Tim Schneider,BER,23,10.4,3.3,1.1,2.7,.397,0.7,1.6,.432,0.4,0.5,.750,0.5,1.4,1.9,0.4,0.3,0.1,0.1,1.1,6-9,222
2023,204,Alessandro Pajola,BOL,29,16.7,3.1,1.1,2.7,.418,0.4,1.3,.324,0.4,0.5,.733,0.3,1.3,1.7,2.5,1.3,0.0,0.8,2.2,6-4,209
2023,206,Jake Cohen,MAC,27,12.2,3.0,1.1,2.4,.439,0.3,1.3,.265,0.5,0.6,.813,0.3,1.4,1.8,1.1,0.2,0.0,0.6,1.9,6-10,235
2023,207,Tarik Biberovic,FEN,12,10.2,2.9,1.1,3.0,.361,0.6,1.7,.350,0.2,0.3,.500,0.3,0.7,0.9,0.3,0.5,0.0,0.2,1.7,6-7,218
2023,209,Oscar da Silva,FCB,27,12.2,2.9,1.0,2.3,.459,0.2,0.7,.300,0.6,0.9,.640,1.0,1.6,2.6,0.2,0.3,0.1,0.4,1.5,6-9,230
2023,211,Branko Lazic,ZVE,24,18.5,2.8,1.0,2.1,.471,0.7,1.4,.500,0.1,0.2,.600,0.6,0.6,1.2,0.6,0.6,0.0,0.5,2.9,6-5,192
2023,212,Achille Polonara,EFE,15,11.4,2.8,1.1,2.0,.533,0.4,0.9,.429,0.3,0.5,.571,0.4,1.8,2.2,0.3,0.1,0.5,0.3,0.9,6-8,198
2023,214,Stefan Lazarevic,ZVE,30,17.9,2.7,1.0,2.3,.449,0.2,0.7,.333,0.4,0.5,.813,1.2,1.6,2.8,0.5,0.3,0.0,0.3,2.9,6-6,180
2023,215,Kostas Antetokounmpo,FEN,14,6.5,2.7,1.0,1.3,.778,0.0,0.1,.000,0.7,1.2,.588,0.3,0.5,0.8,0.4,0.2,0.1,0.8,1.5,6-10,200
2023,218,Giampaolo Ricci,MIL,29,10.4,2.6,1.0,2.1,.452,0.4,1.2,.324,0.2,0.3,.700,0.7,1.6,2.3,0.3,0.4,0.2,0.3,1.9,6-7,224
2023,220,Alberto Abalde,RMB,25,13.8,2.5,0.8,2.5,.302,0.4,1.4,.250,0.6,1.0,.667,0.4,1.6,2.0,1.5,0.3,0.0,0.6,1.6,6-7,215
2023,222,Jonas Mattisseck,BER,16,12.5,2.5,0.9,2.4,.368,0.6,1.8,.345,0.1,0.1,1.000,0.2,0.6,0.8,0.9,0.6,0.0,0.2,1.6,6-5,152
2023,223,Matthew Strazel,ASM,25,8.1,2.5,0.9,2.0,.440,0.3,1.0,.320,0.4,0.6,.667,0.0,0.2,0.2,0.6,0.2,0.0,0.7,1.3,6-0,178
2023,224,Panagiotis Kalaitzakis,PAN,25,8.3,2.4,0.8,1.6,.488,0.4,0.9,.455,0.4,0.6,.625,0.4,0.8,1.2,0.3,0.4,0.1,0.5,1.5,6-6,194
2023,227,Dovydas Giedraitis,ZAL,16,9.1,2.1,0.9,2.2,.429,0.1,0.9,.143,0.1,0.1,1.000,0.2,0.3,0.5,0.6,0.5,0.0,0.6,1.4,6-4,165
2023,228,James Birsen,FEN,28,7.7,2.0,0.7,2.1,.345,0.4,1.1,.323,0.2,0.3,.667,0.6,0.9,1.5,0.3,0.1,0.0,0.2,1.2,6-10,223
2023,238,Sander Raieste,BASK,19,7.0,1.3,0.6,1.3,.440,0.1,0.6,.182,0.0,0.1,.000,0.5,0.6,1.1,0.3,0.2,0.1,0.3,1.3,6-8,210
2023,239,Rafi Manco,MAC,22,5.4,1.2,0.5,1.2,.370,0.2,0.8,.235,0.1,0.1,1.000,0.4,0.5,0.9,0.3,0.2,0.0,0.2,1.1,6-5,185
2023,240,Eli John N'Diaye,RMB,15,5.7,1.1,0.4,0.9,.462,0.1,0.4,.167,0.3,0.3,1.000,0.4,0.8,1.2,0.1,0.2,0.3,0.3,0.9,6-8,183
2023,242,Erten Gazi,EFE,11,4.7,0.7,0.2,1.0,.182,0.0,0.6,.000,0.4,0.5,.800,0.3,0.5,0.7,0.1,0.3,0.0,0.1,1.0,6-3,205
2022,2,Nikola Mirotic,FCB,38,24.5,16.9,5.5,9.7,.571,2.0,4.3,.463,3.9,4.4,.876,0.9,4.3,5.2,1.4,0.9,0.3,1.7,2.1,6-10,250
2022,3,Mike James,ASM,38,31.3,16.4,5.4,13.3,.411,1.9,6.1,.313,3.6,4.3,.833,0.3,2.9,3.2,5.7,1.2,0.1,2.5,2.2,6-1,190
2022,4,Scottie Wilbekin,MAC,35,29.0,15.4,5.0,12.0,.419,2.6,6.9,.379,2.7,2.9,.941,0.3,1.9,2.1,4.1,1.5,0.0,2.0,1.6,6-2,176
2022,5,Will Clyburn,CSKA,20,28.2,14.9,4.9,12.4,.391,1.7,5.1,.333,3.5,4.0,.886,1.4,3.8,5.2,1.7,0.7,0.3,2.0,1.5,6-6,210
2022,6,Shane Larkin,EFE,39,32.0,14.7,4.6,10.5,.436,2.4,6.2,.382,3.2,3.5,.898,0.2,2.7,3.0,5.3,1.3,0.0,2.4,1.2,5-11,175
2022,7,Elie Okobo,LYV,27,27.6,14.5,5.3,11.6,.462,1.6,4.2,.368,2.3,2.8,.827,0.2,2.6,2.8,3.9,0.7,0.1,3.1,2.1,6-3,190
2022,8,Nemanja Nedovic,PAN,26,23.6,14.3,4.7,10.6,.446,2.3,6.1,.384,2.5,2.9,.853,0.5,1.7,2.2,3.2,0.5,0.1,2.2,2.0,6-3,192
2022,9,Mario Hezonja,UNI,25,29.6,14.2,5.2,11.7,.447,1.8,5.2,.349,2.0,2.5,.778,0.6,5.5,6.1,1.8,1.2,0.3,2.3,2.8,6-8,220
2022,10,Wade Baldwin IV,BASK,30,28.1,14.1,5.2,11.3,.460,1.1,3.3,.340,2.6,3.2,.813,0.2,3.3,3.6,4.4,1.1,0.2,2.7,2.4,6-4,220
2022,14,Lorenzo Brown,UNI,24,29.4,13.8,5.3,10.8,.488,1.2,3.6,.322,2.0,2.3,.857,0.8,2.8,3.6,6.1,1.5,0.2,2.9,2.0,6-5,189
2022,15,Sasha Vezenkov,OLY,38,30.3,13.7,4.9,9.3,.530,1.6,4.3,.370,2.2,2.7,.833,1.5,4.4,5.9,1.5,1.0,0.2,0.8,1.5,6-8,225
2022,16,Jan Vesely,FEN,22,28.5,13.6,5.5,8.9,.617,0.1,0.4,.333,2.5,3.4,.733,1.7,4.4,6.1,2.5,1.1,0.4,2.0,2.5,6-11,240
2022,17,Maodo Lo,BER,33,24.1,13.3,4.4,9.4,.472,2.0,4.6,.444,2.5,2.9,.835,0.3,2.0,2.3,3.7,0.8,0.0,2.1,1.2,6-3,194
2022,18,Jordan Loyd,ZEN,23,27.3,13.2,4.6,10.5,.436,1.5,4.3,.347,2.6,3.1,.833,0.5,3.4,4.0,3.9,1.0,0.1,2.2,2.9,6-4,210
2022,20,Daryl Macon,PAN,31,25.9,13.1,4.1,9.5,.435,1.5,4.6,.333,3.3,3.7,.871,0.4,1.8,2.2,3.6,0.7,0.1,2.2,2.5,6-3,185
2022,21,Shavon Shields,MIL,24,29.8,13.0,4.8,11.0,.437,1.4,4.1,.347,2.0,2.5,.787,0.5,3.5,4.0,2.8,1.1,0.4,1.7,1.8,6-7,225
2022,22,Tyler Dorsey,OLY,38,24.3,12.8,4.4,9.9,.443,1.9,5.1,.374,2.2,2.8,.781,0.4,2.0,2.3,2.0,0.5,0.1,1.8,2.0,6-5,183
2022,23,Tornike Shengelia,CSKA,15,24.8,12.7,4.8,10.1,.474,0.9,2.7,.341,2.2,3.0,.733,1.7,2.9,4.7,2.5,0.9,0.3,2.0,2.3,6-9,220
2022,24,Nikola Kalinic,ZVE,32,30.1,12.6,4.7,10.8,.436,1.0,3.6,.276,2.2,3.1,.717,0.8,3.1,3.9,3.4,1.0,0.1,2.7,2.3,6-8,222
2022,26,Ante Zizic,MAC,31,21.2,12.2,5.0,7.5,.667,0.0,0.0,.000,2.1,2.9,.730,2.2,2.9,5.0,0.6,0.5,0.8,1.1,1.5,6-11,254
2022,27,Vladimir Lucic,BAY,32,30.1,12.1,3.6,8.3,.427,1.5,4.5,.333,3.5,3.9,.881,0.5,3.7,4.2,1.5,0.7,0.2,1.1,2.2,6-8,200
2022,28,Ioannis Papapetrou,PAN,23,29.1,12.0,4.4,10.8,.411,1.2,4.7,.252,1.9,2.4,.800,0.6,2.6,3.2,2.5,0.4,0.1,1.5,1.8,6-8,225
2022,29,Kostas Sloukas,OLY,37,25.0,11.9,3.9,8.5,.455,1.6,3.9,.418,2.6,3.0,.848,0.3,2.3,2.6,5.0,0.8,0.1,2.2,1.4,6-2,210
2022,30,Guerschon Yabusele,RMB,36,27.6,11.9,4.4,8.8,.502,1.5,3.7,.402,1.6,2.0,.789,1.3,3.5,4.8,1.5,0.9,0.2,1.5,1.5,6-8,265
2022,31,Nando De Colo,FEN,21,22.1,11.9,4.0,8.5,.478,1.2,3.8,.316,2.6,3.0,.871,0.1,2.1,2.2,3.8,1.3,0.2,2.5,1.4,6-5,195
2022,32,Isaiah Canaan,UNI,24,23.9,11.8,3.9,9.5,.410,2.4,5.8,.410,1.7,2.0,.816,0.3,1.5,1.8,1.3,0.5,0.2,1.6,2.8,6-0,200
2022,34,Rokas Giedraitis,BASK,29,28.8,11.1,3.8,8.3,.459,1.8,4.4,.398,1.7,2.1,.806,0.8,2.5,3.2,1.3,1.0,0.1,1.0,1.2,6-7,179
2022,37,Edy Tavares,RMB,35,23.0,10.9,4.4,6.4,.689,0.0,0.1,.000,2.1,2.8,.737,3.1,4.5,7.5,1.0,0.9,1.7,1.8,2.3,7-3,265
2022,41,Ognjen Dobric,ZVE,29,22.6,10.3,3.7,9.1,.408,1.6,4.3,.357,1.3,1.8,.745,0.7,1.2,1.9,1.3,0.7,0.1,1.3,1.7,6-6,198
2022,42,John Brown,UNI,25,30.8,10.3,4.3,8.9,.484,0.1,0.6,.133,1.6,2.6,.600,2.0,2.8,4.8,1.2,2.8,0.1,1.0,2.4,6-8,205
2022,43,Marko Guduric,FEN,28,20.5,10.3,3.4,7.8,.442,1.6,4.5,.362,1.8,2.1,.817,0.3,1.9,2.2,2.8,0.8,0.1,2.0,2.1,6-6,201
2022,44,George Papagiannis,PAN,29,28.4,10.2,4.6,7.2,.641,0.0,0.0,.000,1.0,1.3,.737,2.2,6.0,8.2,0.8,0.8,1.7,1.3,1.7,7-2,275
2022,45,Lukas Lekavicius,ZAL,32,23.7,10.2,3.6,8.2,.439,0.9,2.8,.341,2.0,2.3,.878,0.3,1.0,1.3,4.2,0.7,0.0,2.1,1.9,6-0,167
2022,46,David Lighty,LYV,11,25.3,10.1,3.7,6.8,.547,1.3,2.2,.583,1.4,2.1,.652,0.5,2.3,2.7,1.3,0.5,0.1,1.4,1.9,6-6,216
2022,47,Devon Hall,MIL,36,27.1,9.9,3.6,8.3,.433,1.4,3.9,.371,1.3,1.7,.787,0.4,1.7,2.1,2.2,0.6,0.2,1.1,2.0,6-5,215
2022,48,Brandon Davies,FCB,36,19.9,9.9,3.9,7.5,.519,0.2,0.7,.250,1.9,2.9,.680,1.1,2.6,3.7,1.6,0.6,0.3,1.7,2.4,6-10,240
2022,50,Donatas Motiejunas,ASM,38,19.2,9.7,4.1,7.2,.573,0.5,1.4,.327,1.0,2.2,.447,1.6,3.1,4.6,0.7,0.5,0.3,1.0,2.2,7-0,222
2022,53,Tibor Pleiss,EFE,40,18.2,9.6,4.0,7.0,.569,0.6,1.3,.442,1.0,1.2,.891,1.5,2.8,4.3,0.6,0.4,0.5,0.7,1.5,7-3,256
2022,54,Alpha Diallo,ASM,34,24.7,9.6,3.5,7.1,.494,0.8,2.0,.382,1.8,2.4,.732,1.8,3.0,4.8,1.7,1.4,0.3,1.4,2.8,6-6,207
2022,55,Nicolas Laprovittola,FCB,38,20.5,9.6,3.2,6.8,.477,1.9,4.4,.440,1.2,1.3,.882,0.3,1.5,1.8,3.0,0.7,0.0,1.6,2.6,6-4,180
2022,56,Gabriel Deck,RMB,11,25.6,9.5,3.5,6.1,.567,0.7,1.5,.471,1.9,2.3,.840,1.2,3.6,4.8,0.8,0.6,0.0,1.4,2.3,6-8,232
2022,60,Rodrigue Beaubois,EFE,35,22.2,9.2,3.4,7.7,.442,1.7,4.4,.396,0.6,0.9,.667,0.3,1.7,2.0,1.9,0.5,0.3,0.7,1.6,6-1,183
2022,62,Devin Booker,FEN,29,24.3,9.1,3.8,6.6,.568,0.5,1.3,.368,1.1,1.4,.762,1.7,2.7,4.4,1.6,0.7,0.2,1.4,2.3,6-8,250
2022,63,Gabriel Lundberg,CSKA,24,21.1,9.1,3.5,7.8,.446,1.1,3.3,.338,1.0,1.3,.833,0.6,1.8,2.4,2.0,0.9,0.0,1.6,2.0,6-4,202
2022,67,Oscar da Silva,BER,33,18.5,8.8,3.7,6.6,.558,0.3,1.2,.256,1.2,1.6,.717,1.2,2.2,3.5,0.8,0.9,0.6,0.9,1.8,6-9,230
2022,68,Sergio Llull,RMB,36,19.8,8.8,2.9,8.9,.329,1.6,5.4,.306,1.3,1.9,.701,0.1,1.5,1.7,2.8,0.5,0.0,1.2,1.7,6-3,190
2022,69,Josh Nebo,ZAL,28,22.6,8.8,3.6,5.6,.646,0.0,0.0,.000,1.5,2.2,.672,2.5,3.7,6.2,0.5,0.6,0.8,1.2,1.7,6-9,244
2022,71,Alec Peters,BASK,14,22.8,8.6,3.4,6.9,.485,1.2,3.4,.354,0.7,0.9,.769,1.1,2.1,3.2,1.6,0.5,0.2,1.1,2.3,6-9,225
2022,72,Fabien Causeur,RMB,28,20.1,8.5,3.0,6.1,.497,1.5,3.4,.432,1.0,1.4,.692,0.3,1.3,1.6,1.4,0.4,0.1,1.1,2.2,6-3,198
2022,73,Marius Grigonis,CSKA,16,19.4,8.5,2.4,5.8,.424,1.6,3.6,.431,2.1,2.3,.917,0.2,1.3,1.4,1.9,0.6,0.0,1.3,2.6,6-6,195
2022,74,Daniel Hackett,CSKA,22,21.5,8.5,2.9,6.5,.448,1.1,2.8,.403,1.5,1.9,.786,0.4,1.5,1.9,2.6,0.8,0.0,1.0,2.7,6-5,215
2022,75,Johannes Voigtmann,CSKA,20,21.3,8.5,3.1,6.1,.504,1.5,3.8,.400,0.9,1.0,.850,0.8,3.2,4.0,2.1,0.7,0.5,1.2,2.2,6-11,228
2022,77,Donta Hall,ASM,35,18.5,8.4,3.6,4.7,.767,0.0,0.1,.000,1.3,1.7,.721,1.9,3.3,5.1,0.3,0.6,1.1,0.6,2.1,6-9,229
2022,80,Joffrey Lauvergne,ZAL,13,15.5,8.3,3.5,6.6,.523,0.0,0.0,.000,1.4,2.0,.692,1.2,2.2,3.4,0.9,0.4,0.2,1.0,1.5,6-11,260
2022,82,Dyshawn Pierre,FEN,28,27.8,8.3,3.2,6.8,.471,0.7,2.3,.313,1.2,1.5,.829,1.3,3.1,4.4,2.0,1.0,0.4,1.2,1.3,6-6,230
2022,83,Luka Mitrovic,ZVE,31,20.0,8.3,3.1,5.2,.594,0.0,0.0,.000,2.1,3.1,.680,1.6,2.7,4.3,1.7,0.6,0.2,1.7,2.2,6-8,200
2022,85,Keenan Evans,MAC,33,25.3,8.2,2.9,6.6,.442,0.8,2.6,.329,1.5,1.8,.879,0.4,2.0,2.5,3.5,1.2,0.2,1.3,2.3,6-3,190
2022,86,Moustapha Fall,OLY,37,23.0,8.2,3.3,4.7,.703,0.0,0.0,.000,1.5,2.5,.613,1.8,3.2,5.1,1.1,0.4,1.0,1.1,1.8,7-2,235
2022,88,Edgaras Ulanovas,ZAL,32,27.5,8.1,2.8,6.3,.441,0.8,2.3,.347,1.8,2.2,.789,1.4,2.9,4.3,2.0,0.8,0.2,1.2,1.7,6-6,192
2022,89,Nicolo Melli,MIL,32,25.1,8.1,2.9,6.2,.467,0.4,1.5,.292,1.9,2.4,.792,1.8,4.9,6.7,1.3,1.1,0.4,1.1,2.5,6-9,235
2022,97,Nikola Milutinov,CSKA,16,19.2,7.7,3.0,5.2,.578,0.0,0.1,.000,1.7,2.4,.711,2.8,3.7,6.5,0.9,0.4,0.4,0.6,0.9,7-0,220
2022,99,Kostas Mitoglou,MIL,13,17.5,7.6,3.2,6.7,.471,0.6,2.1,.296,0.7,0.8,.818,1.4,2.8,4.2,1.2,0.8,0.4,1.0,1.2,6-10,245
2022,102,Vincent Poirier,RMB,37,18.0,7.4,2.8,4.9,.571,0.0,0.2,.167,1.7,2.2,.768,2.4,2.8,5.2,0.9,0.8,0.9,1.3,2.1,7-0,235
2022,103,Nick Calathes,FCB,29,24.6,7.3,3.2,6.5,.487,0.7,2.2,.317,0.3,0.7,.450,0.5,3.4,4.0,6.4,1.1,0.1,1.9,2.5,6-6,213
2022,104,Achille Polonara,FEN,30,22.4,7.3,2.7,6.3,.436,1.1,3.5,.302,0.8,1.3,.600,1.3,3.0,4.3,1.1,0.7,0.5,0.4,1.4,6-8,198
2022,108,Paris Lee,ASM,36,19.5,7.2,2.3,5.9,.398,1.3,3.7,.353,1.2,1.4,.863,0.1,1.3,1.4,2.4,1.2,0.0,1.0,2.3,6-0,185
2022,109,Bryant Dunston,EFE,37,18.0,7.1,2.7,3.8,.707,0.1,0.2,.500,1.7,2.4,.697,1.5,1.7,3.2,0.9,0.8,1.0,0.6,2.7,6-8,233
2022,110,Rokas Jokubaitis,FCB,37,16.9,7.1,2.8,4.9,.563,0.7,1.2,.568,0.8,1.1,.714,0.4,1.2,1.6,2.6,0.4,0.0,1.7,1.7,6-4,182
2022,112,Alex Abrines,FCB,13,14.8,7.0,2.4,4.8,.500,1.8,3.5,.511,0.5,0.5,1.000,0.4,1.3,1.7,0.2,0.3,0.2,0.5,1.8,6-6,190
2022,113,Shaquielle McKissic,OLY,37,16.6,7.0,2.3,5.0,.457,0.7,2.1,.316,1.8,2.4,.722,0.4,1.5,1.9,1.5,0.9,0.1,0.6,1.6,6-5,200
2022,117,Ognjen Jaramaz,BAY,36,16.3,6.8,2.3,5.6,.418,1.0,2.8,.353,1.1,1.5,.755,0.6,0.9,1.5,1.1,0.6,0.1,1.0,2.0,6-4,181
2022,120,Kostas Papanikolaou,OLY,37,23.5,6.6,2.3,5.7,.408,1.2,3.8,.331,0.7,0.9,.758,0.5,2.5,3.0,1.6,0.9,0.2,1.1,2.0,6-8,225
2022,121,Sertac Sanli,FCB,32,15.3,6.5,2.5,5.2,.473,0.6,1.8,.357,1.0,1.3,.775,1.4,1.8,3.3,0.7,0.3,0.4,1.0,2.7,7-0,254
2022,125,Thomas Walkup,OLY,37,22.4,6.3,2.3,5.5,.416,0.8,2.7,.297,0.9,1.2,.739,0.4,2.0,2.3,2.7,1.1,0.1,1.3,2.3,6-4,195
2022,126,Nick Weiler-Babb,BAY,29,26.3,6.2,2.3,5.4,.427,0.7,2.2,.292,1.0,1.1,.875,1.3,2.9,4.2,2.9,1.1,0.2,1.2,2.4,6-5,205
2022,129,Rudy Fernandez,RMB,34,18.6,6.0,2.1,5.8,.355,1.6,4.9,.327,0.3,0.4,.769,0.5,2.5,3.0,2.0,0.9,0.2,0.4,1.4,6-6,185
2022,130,Dylan Osetkowski,LYV,26,19.4,6.0,2.0,5.6,.363,0.8,2.5,.313,1.2,1.4,.811,0.6,2.5,3.1,0.6,1.0,0.3,0.9,1.5,6-9,250
2022,131,Alberto Abalde,RMB,30,18.9,6.0,2.2,5.5,.396,0.8,2.5,.338,0.8,1.1,.750,0.7,2.3,3.0,1.5,0.5,0.0,1.1,1.9,6-7,215
2022,132,Khalifa Koumadje,BER,21,12.4,6.0,2.4,3.4,.704,0.0,0.0,.000,1.2,1.8,.658,1.7,2.7,4.3,0.0,0.1,0.6,1.0,1.3,7-4,269
2022,134,Joel Bolomboy,CSKA,23,15.7,5.9,2.5,4.7,.528,0.3,1.0,.261,0.7,0.9,.750,1.7,2.4,4.1,0.3,0.3,0.7,0.5,1.4,6-9,235
2022,135,Nigel Williams-Goss,RMB,29,16.6,5.8,2.2,5.6,.395,0.6,1.9,.304,0.8,1.0,.857,0.4,1.7,2.1,2.4,0.3,0.0,1.1,1.8,6-3,190
2022,136,Youssoupha Fall,LYV,28,12.6,5.8,2.4,3.4,.705,0.0,0.0,.000,1.0,1.4,.725,1.7,2.0,3.6,0.1,0.3,0.1,0.9,2.1,7-3,271
2022,137,Kostas Antetokounmpo,LYV,26,13.1,5.8,2.4,3.5,.692,0.1,0.2,.400,0.9,1.6,.548,0.9,1.8,2.7,0.3,0.5,0.7,0.8,2.2,6-10,200
2022,142,Ben Bentil,MIL,23,15.7,5.6,2.1,4.6,.453,0.9,2.1,.408,0.6,0.9,.619,0.6,1.8,2.4,0.2,0.7,0.1,0.8,1.9,6-9,235
2022,143,Niels Giffey,ZAL,28,16.3,5.6,1.9,4.4,.431,0.7,2.1,.345,1.1,1.2,.882,0.8,1.9,2.7,0.8,0.6,0.1,0.8,2.3,6-7,205
2022,153,Louis Olinde,BER,24,17.8,5.3,1.9,4.2,.450,0.6,1.8,.357,1.0,1.1,.852,1.2,2.5,3.6,0.7,0.3,0.4,0.6,1.6,6-9,195
2022,154,Elijah Bryant,EFE,36,19.0,5.3,2.1,4.6,.451,0.7,1.9,.368,0.5,0.6,.810,0.7,2.2,2.9,1.2,0.6,0.1,0.9,2.3,6-5,210
2022,156,Filip Petrusev,EFE,22,9.4,5.2,2.1,3.5,.597,0.1,0.2,.400,1.0,1.3,.750,0.4,1.2,1.6,0.3,0.1,0.2,0.5,0.9,6-11,225
2022,159,Dejan Davidovac,ZVE,28,18.6,5.0,1.7,3.8,.443,0.7,1.9,.352,1.0,1.4,.700,0.5,2.8,3.3,0.9,0.8,0.3,0.3,1.6,6-8,210
2022,161,Tamir Blatt,BER,30,15.1,5.0,1.6,4.2,.381,1.2,3.3,.360,0.6,0.6,1.000,0.3,0.9,1.3,3.5,0.3,0.0,1.7,1.0,6-3,180
2022,162,Charles Lombahe-Kahudi,LYV,26,19.9,4.9,1.8,4.7,.377,0.8,2.8,.292,0.6,0.8,.682,0.6,2.1,2.7,0.6,0.2,0.2,0.7,1.9,6-5,183
2022,165,Tadas Sedekerskis,BASK,27,18.1,4.8,1.9,3.8,.505,0.6,1.8,.354,0.3,0.6,.500,1.1,3.4,4.4,1.4,0.4,0.3,0.5,1.0,6-9,205
2022,169,Melih Mahmutoglu,FEN,23,10.8,4.4,1.6,4.2,.385,0.8,2.8,.297,0.3,0.5,.727,0.0,0.3,0.3,0.3,0.3,0.0,0.3,0.8,6-3,187
2022,170,Rolands Smits,FCB,36,14.9,4.4,1.7,3.6,.477,0.3,1.4,.196,0.6,0.7,.920,0.9,2.2,3.1,0.6,0.4,0.1,0.7,1.8,6-10,235
2022,171,Marial Shayok,FEN,16,14.5,4.3,1.8,4.3,.412,0.5,1.5,.333,0.3,0.3,1.000,0.6,0.8,1.3,1.4,0.3,0.1,1.1,1.7,6-5,198
2022,174,Giannoulis Larentzakis,OLY,34,11.5,4.2,1.4,3.8,.359,0.9,2.9,.316,0.6,0.7,.833,0.1,1.3,1.4,1.1,0.3,0.0,1.0,2.0,6-5,200
2022,175,Nigel Hayes,FCB,37,19.1,4.2,1.5,4.0,.367,0.3,1.2,.244,1.0,1.2,.800,1.0,1.1,2.1,0.8,0.5,0.1,0.8,1.6,6-8,254
2022,176,Yakuba Ouattara,ASM,30,14.2,4.1,1.5,3.1,.500,0.8,1.5,.500,0.3,0.4,.727,0.8,1.1,1.9,0.3,0.3,0.0,0.2,1.4,6-4,220
2022,181,John DiBartolomeo,MAC,30,13.3,3.8,1.2,3.4,.359,0.8,2.5,.324,0.6,0.7,.900,0.2,1.0,1.2,1.2,0.7,0.0,0.5,2.0,6-0,175
2022,183,Branko Lazic,ZVE,25,16.3,3.7,1.1,3.0,.373,0.7,2.1,.340,0.8,0.9,.864,0.4,0.6,1.0,0.4,0.3,0.1,0.5,2.1,6-5,192
2022,192,Vanja Marinkovic,BASK,26,13.4,3.4,1.2,3.6,.344,0.9,2.7,.329,0.1,0.1,1.000,0.3,0.6,0.9,0.6,0.2,0.0,0.2,1.2,6-6,194
2022,193,Matthew Strazel,LYV,30,15.3,3.4,1.1,3.5,.305,0.6,1.8,.327,0.6,0.8,.826,0.2,0.6,0.7,1.9,0.3,0.0,1.3,1.6,6-0,178
2022,200,Giampaolo Ricci,MIL,36,12.4,3.2,1.3,2.7,.469,0.6,1.6,.362,0.1,0.3,.500,0.6,1.6,2.2,0.4,0.4,0.1,0.4,1.8,6-7,224
2022,204,Malte Delow,BER,30,14.3,2.9,1.1,2.7,.395,0.4,1.1,.406,0.4,0.4,.846,0.7,1.2,1.9,0.6,0.4,0.0,0.4,2.1,6-6,170
2022,205,Roman Sorkin,MAC,22,8.4,2.9,1.0,1.9,.548,0.1,0.5,.300,0.6,1.1,.583,0.8,1.0,1.8,0.2,0.3,0.3,0.3,1.3,6-10,225
2022,206,Andreas Obst,BAY,31,7.0,2.9,1.0,2.7,.376,0.8,2.2,.362,0.0,0.1,.500,0.0,0.4,0.4,0.2,0.1,0.0,0.2,1.2,6-3,200
2022,207,Jerian Grant,MIL,26,12.5,2.8,0.9,2.9,.316,0.3,1.4,.243,0.6,0.7,.889,0.2,0.4,0.7,0.7,0.3,0.1,0.6,1.0,6-4,198
2022,209,Stefan Lazarevic,ZVE,21,12.5,2.8,1.1,1.9,.600,0.2,0.5,.364,0.3,0.3,.857,0.5,0.9,1.4,0.5,0.5,0.0,0.2,2.3,6-6,180
2022,212,Tim Schneider,BER,22,11.9,2.6,1.0,3.1,.338,0.4,1.9,.220,0.1,0.4,.375,0.9,1.3,2.2,0.2,0.2,0.0,0.5,1.2,6-9,222
2022,216,Jonas Mattisseck,BER,26,13.8,2.4,0.8,2.2,.393,0.5,1.6,.341,0.2,0.2,.833,0.6,0.7,1.3,0.5,0.5,0.0,0.3,1.8,6-5,152
2022,218,Jake Cohen,MAC,13,7.3,2.2,0.8,1.8,.417,0.5,0.8,.600,0.2,0.2,.667,0.7,0.4,1.1,0.7,0.5,0.2,0.6,1.2,6-10,235
2022,227,Sander Raieste,BASK,10,6.1,1.7,0.7,1.2,.583,0.3,0.7,.429,0.0,0.0,.000,0.3,0.8,1.1,0.3,0.2,0.1,0.2,1.0,6-8,210
2022,231,Juan Nunez,RMB,10,4.6,1.4,0.6,1.6,.375,0.2,0.3,.667,0.0,0.0,.000,0.0,0.2,0.2,0.8,0.3,0.0,0.7,0.8,6-4,190
2022,235,James Birsen,FEN,14,8.0,0.9,0.3,1.1,.250,0.1,0.6,.222,0.1,0.4,.333,0.5,0.7,1.2,0.3,0.1,0.0,0.1,1.1,6-10,223
2022,238,Erten Gazi,EFE,14,4.9,0.5,0.1,0.6,.222,0.1,0.4,.200,0.1,0.3,.500,0.1,0.2,0.4,0.4,0.1,0.0,0.3,0.9,6-3,205
2021,2,Mike James,CSKA,27,31.2,19.3,6.2,14.4,.430,2.6,7.3,.354,4.4,5.4,.814,0.6,2.6,3.1,5.7,1.0,0.1,2.9,1.6,6-1,190
2021,3,Jordan Loyd,ZVE,29,27.3,17.3,5.7,13.5,.425,1.9,6.1,.311,4.0,4.4,.906,0.7,2.9,3.6,3.2,1.2,0.2,2.3,2.9,6-4,210
2021,5,Nemanja Nedovic,PAN,25,26.1,16.0,5.2,12.2,.425,2.7,7.2,.370,2.8,3.4,.835,0.4,1.5,1.9,3.7,0.7,0.2,1.9,2.4,6-3,192
2021,6,Nando De Colo,FEN,32,27.5,15.8,5.5,10.7,.513,1.6,4.0,.403,3.2,3.4,.936,0.4,2.8,3.3,3.9,1.4,0.0,3.1,2.1,6-5,195
2021,8,Nikola Mirotic,FCB,33,25.9,15.6,5.3,10.0,.533,1.4,3.3,.413,3.5,4.2,.848,1.8,4.1,5.9,1.0,1.1,0.5,1.6,1.9,6-10,250
2021,9,Wade Baldwin IV,BAY,39,27.3,15.3,5.8,13.2,.437,0.9,3.3,.285,2.8,3.6,.761,0.4,2.7,3.0,4.0,1.1,0.3,2.8,3.1,6-4,220
2021,10,Shane Larkin,EFE,35,28.6,15.1,4.5,10.3,.436,2.5,6.3,.392,3.6,4.1,.862,0.4,1.9,2.3,4.1,1.2,0.1,2.1,1.1,5-11,175
2021,11,Kevin Punter,MIL,36,24.7,14.3,4.7,10.4,.453,1.8,4.6,.392,3.1,3.4,.894,0.2,1.4,1.6,1.4,0.8,0.1,1.1,2.1,6-2,190
2021,12,Will Clyburn,CSKA,31,26.3,14.0,4.5,9.9,.454,1.5,4.2,.364,3.5,4.4,.796,0.9,2.8,3.8,1.5,0.8,0.2,1.6,1.9,6-6,210
2021,13,Scottie Wilbekin,MAC,34,27.1,13.8,4.4,11.3,.384,2.4,7.2,.328,2.6,3.0,.891,0.3,2.2,2.5,3.9,1.1,0.0,2.4,1.4,6-2,176
2021,14,Shavon Shields,MIL,36,26.8,13.8,5.0,9.8,.511,1.5,3.5,.432,2.3,2.8,.838,0.8,3.3,4.0,1.4,1.1,0.2,1.3,1.8,6-7,225
2021,16,Vladimir Lucic,BAY,31,31.1,13.6,3.9,7.7,.504,1.9,4.4,.441,3.9,4.5,.864,0.7,4.2,4.8,1.4,1.1,0.1,1.2,2.5,6-8,200
2021,19,Marius Grigonis,ZAL,34,27.6,13.4,4.4,9.2,.478,2.1,4.6,.456,2.5,2.6,.944,0.5,1.6,2.1,3.3,0.8,0.1,2.3,2.5,6-6,195
2021,21,Devin Booker,KHI,15,27.6,13.1,5.3,9.5,.563,0.4,1.1,.375,2.0,2.7,.732,2.1,3.6,5.7,2.1,0.3,0.3,2.0,2.4,6-8,250
2021,22,Jan Vesely,FEN,31,28.1,13.1,5.6,8.4,.668,0.0,0.1,.000,1.9,2.5,.766,1.5,3.8,5.3,2.7,0.9,0.6,1.4,2.3,6-11,240
2021,23,Rokas Giedraitis,BASK,34,28.8,12.7,4.5,9.5,.475,1.9,4.8,.405,1.8,2.2,.824,0.8,2.2,3.0,1.5,1.1,0.1,1.2,1.4,6-7,179
2021,25,Marko Guduric,FEN,21,25.8,12.2,4.2,9.3,.451,2.0,4.9,.417,1.8,2.1,.844,0.4,2.3,2.7,2.3,0.8,0.3,2.0,2.6,6-6,201
2021,26,Achille Polonara,BASK,33,29.8,12.2,4.6,8.9,.515,1.6,3.7,.443,1.2,2.1,.603,2.3,4.3,6.6,1.9,1.2,0.9,0.9,2.3,6-8,198
2021,27,Ioannis Papapetrou,PAN,27,30.7,12.1,4.4,10.9,.403,1.7,4.6,.366,1.7,2.3,.730,0.8,3.3,4.1,2.4,0.6,0.1,2.0,2.0,6-8,225
2021,29,Brandon Davies,FCB,35,21.4,12.0,4.4,7.8,.558,0.2,0.4,.429,3.1,4.1,.754,1.8,2.7,4.5,1.5,0.7,0.4,2.0,2.9,6-10,240
2021,30,Errick McCollum,KHI,28,21.6,11.6,3.6,9.0,.405,1.1,3.3,.344,3.2,3.8,.848,0.6,1.9,2.4,2.3,0.9,0.3,1.6,1.8,6-2,170
2021,33,Sasha Vezenkov,OLY,31,23.6,11.5,3.8,8.2,.463,1.9,4.4,.430,2.0,2.3,.887,1.3,4.1,5.4,1.1,0.7,0.5,0.5,1.4,6-8,225
2021,34,Alec Peters,BASK,33,23.5,11.5,3.9,7.9,.496,1.9,4.3,.447,1.6,1.8,.915,1.2,2.7,3.9,1.6,0.5,0.2,0.8,2.1,6-9,225
2021,35,Edy Tavares,RMB,36,26.0,11.4,4.7,7.1,.654,0.0,0.0,.000,2.0,2.8,.716,3.3,4.8,8.0,1.1,1.0,1.8,1.9,2.9,7-3,265
2021,36,Gabriel Lundberg,CSKA,15,20.1,11.3,4.4,7.8,.564,1.6,3.7,.436,0.9,1.6,.583,0.5,2.0,2.5,2.2,0.9,0.0,0.9,2.4,6-4,202
2021,37,David Lighty,LYV,33,25.3,11.3,4.3,8.8,.488,0.8,2.2,.351,1.9,2.2,.861,0.7,2.2,2.8,1.9,1.0,0.0,1.8,2.2,6-6,216
2021,39,Tornike Shengelia,CSKA,37,24.9,11.2,4.1,9.0,.455,0.8,2.5,.315,2.3,3.5,.651,1.9,3.0,4.9,2.3,1.2,0.2,2.1,2.7,6-9,220
2021,40,Tyler Dorsey,MAC,34,21.9,11.2,3.6,8.5,.431,1.9,4.9,.392,2.0,2.5,.788,0.6,2.1,2.7,1.6,0.6,0.1,1.9,1.9,6-5,183
2021,41,Kostas Sloukas,OLY,34,27.7,11.0,3.4,8.4,.409,1.7,4.1,.404,2.4,2.6,.922,0.3,2.2,2.4,6.0,0.8,0.0,3.0,1.6,6-2,210
2021,42,Guerschon Yabusele,LYV,30,25.1,11.0,3.9,8.5,.465,1.4,3.7,.384,1.7,2.3,.714,1.0,3.2,4.2,1.2,0.8,0.6,1.5,2.2,6-8,265
2021,43,Shaquielle McKissic,OLY,33,23.4,10.7,3.6,8.3,.429,1.1,3.5,.307,2.5,3.5,.716,0.5,1.8,2.3,2.2,1.5,0.2,1.4,2.1,6-5,200
2021,44,Joffrey Lauvergne,ZAL,32,20.9,10.7,4.8,8.2,.586,0.1,0.2,.400,1.1,1.7,.660,2.3,3.3,5.6,1.5,0.5,0.1,1.6,2.2,6-11,260
2021,46,Rodrigue Beaubois,EFE,38,21.4,10.6,3.8,7.4,.512,1.9,3.8,.493,1.1,1.2,.909,0.3,1.6,1.8,1.8,0.5,0.3,1.2,1.9,6-1,183
2021,49,Nikola Kalinic,VAL,34,26.7,10.4,3.8,7.1,.533,0.6,1.9,.333,2.2,2.8,.789,1.0,2.5,3.5,3.2,0.9,0.4,2.0,2.7,6-8,222
2021,51,Luca Vildoza,BASK,32,25.2,10.3,3.7,8.7,.421,1.8,4.8,.388,1.1,1.4,.761,0.4,1.7,2.0,3.5,1.6,0.1,2.3,2.0,6-3,190
2021,55,Zach LeDay,MIL,36,24.7,10.0,3.4,7.2,.481,0.9,2.0,.466,2.2,2.4,.918,1.0,3.5,4.6,0.6,0.6,0.3,0.9,2.2,6-7,230
2021,57,Nikola Milutinov,CSKA,20,23.5,9.9,3.9,5.9,.667,0.1,0.1,.500,2.0,2.9,.702,4.4,4.2,8.6,0.8,0.4,0.5,0.7,1.4,7-0,220
2021,58,Elijah Bryant,MAC,34,23.3,9.8,3.6,8.1,.440,1.1,3.0,.369,1.5,1.7,.847,0.4,2.6,3.0,2.0,0.8,0.1,1.6,2.3,6-5,210
2021,63,Maodo Lo,BER,27,21.6,9.5,3.4,7.8,.433,1.3,3.9,.346,1.4,1.6,.886,0.3,1.0,1.3,3.1,0.6,0.0,2.1,1.5,6-3,194
2021,64,Daniel Hackett,CSKA,29,24.1,9.5,2.9,6.8,.434,1.5,3.3,.453,1.9,2.3,.848,0.5,2.2,2.7,2.3,1.0,0.0,1.2,2.9,6-5,215
2021,65,Lorenzo Brown,FEN,37,23.0,9.5,3.7,8.8,.423,0.9,2.9,.327,1.1,1.4,.804,0.6,1.6,2.2,3.4,1.3,0.0,2.1,1.8,6-5,189
2021,66,Nigel Hayes,ZAL,33,26.7,9.5,3.3,7.4,.443,1.6,3.7,.443,1.3,1.4,.894,1.0,2.9,3.9,1.2,1.1,0.2,1.1,1.7,6-8,254
2021,68,Kostas Mitoglou,PAN,34,20.3,9.3,3.6,7.1,.504,0.5,1.8,.295,1.7,2.4,.713,2.2,3.2,5.4,0.9,0.7,0.3,1.2,1.6,6-10,245
2021,70,Facundo Campazzo,RMB,10,25.8,9.3,3.0,7.9,.380,1.4,5.1,.275,1.9,2.3,.826,0.2,2.3,2.5,6.7,2.0,0.0,2.8,2.5,5-11,165
2021,74,Dyshawn Pierre,FEN,36,24.2,9.1,3.2,5.9,.547,0.8,2.0,.417,1.8,2.1,.880,0.7,2.7,3.3,2.0,0.5,0.4,1.2,1.5,6-6,230
2021,75,Ante Zizic,MAC,34,19.9,9.1,4.0,6.8,.589,0.0,0.0,.000,1.1,1.4,.771,2.1,3.2,5.4,0.7,0.4,0.8,1.4,1.6,6-11,254
2021,78,George Papagiannis,PAN,32,21.9,8.8,4.0,6.2,.652,0.0,0.3,.125,0.8,1.1,.667,2.0,3.4,5.4,1.0,0.3,1.6,0.9,1.3,7-2,275
2021,79,Gabriel Deck,RMB,32,24.1,8.8,3.1,6.3,.488,0.8,1.8,.407,1.8,2.2,.843,0.9,2.8,3.7,1.2,0.7,0.0,1.2,1.4,6-8,232
2021,80,Moustapha Fall,LYV,31,22.0,8.8,3.3,4.7,.701,0.0,0.0,.000,2.1,3.5,.617,2.3,3.2,5.5,1.8,0.4,0.9,1.7,2.4,7-2,235
2021,83,Sergio Llull,RMB,26,17.7,8.7,2.8,7.6,.365,1.5,4.4,.330,1.7,2.0,.863,0.3,1.2,1.5,3.0,0.4,0.0,0.8,1.7,6-3,190
2021,88,Johannes Voigtmann,CSKA,37,19.6,8.5,2.9,5.5,.532,1.4,3.0,.464,1.2,1.4,.863,1.4,3.5,4.9,1.3,0.5,0.3,1.0,1.6,6-11,228
2021,90,Ognjen Dobric,ZVE,32,18.6,8.3,2.6,6.2,.426,1.6,3.6,.456,1.3,1.5,.857,0.5,1.5,2.0,0.8,0.9,0.0,1.1,1.4,6-6,198
2021,91,Thomas Walkup,ZAL,34,24.2,8.2,3.1,7.2,.423,1.3,3.4,.371,0.9,0.9,.906,0.5,2.5,3.0,4.5,1.1,0.0,1.6,2.4,6-4,195
2021,92,Lukas Lekavicius,ZAL,33,18.3,8.2,3.2,5.7,.550,0.8,1.5,.500,1.2,1.3,.864,0.3,0.8,1.2,2.4,0.5,0.0,1.6,1.8,6-0,167
2021,97,Niels Giffey,BER,24,20.0,8.0,3.1,6.5,.484,1.0,2.3,.418,0.8,1.0,.792,1.2,1.7,2.8,1.4,0.8,0.4,1.3,1.9,6-7,205
2021,99,Bryant Dunston,EFE,36,20.7,7.9,3.1,5.3,.581,0.0,0.1,.500,1.7,2.8,.610,1.8,2.1,3.9,1.0,0.9,0.9,0.6,2.4,6-8,233
2021,100,Sertac Sanli,EFE,34,14.2,7.8,2.9,5.0,.582,0.4,1.3,.349,1.6,1.9,.815,0.7,1.5,2.2,0.6,0.4,0.5,0.6,2.2,7-0,254
2021,101,Nick Calathes,FCB,41,25.1,7.8,3.2,7.5,.428,0.8,2.5,.327,0.6,1.1,.533,0.4,2.9,3.3,6.5,0.9,0.2,2.6,2.3,6-6,213
2021,108,Alberto Abalde,RMB,39,19.0,7.2,2.5,5.5,.451,1.3,2.9,.435,0.9,1.1,.841,0.3,2.4,2.7,2.3,0.5,0.0,1.0,1.5,6-7,215
2021,110,Dejan Davidovac,ZVE,33,22.7,7.2,2.7,5.5,.489,0.8,2.2,.378,1.0,1.2,.780,0.9,2.0,2.9,1.6,1.1,0.2,1.1,2.1,6-8,210
2021,114,Youssoupha Fall,BASK,32,11.7,7.0,2.7,4.3,.628,0.0,0.0,.000,1.7,2.2,.757,1.3,1.9,3.2,0.5,0.5,0.7,1.8,2.0,7-3,271
2021,116,Rokas Jokubaitis,ZAL,31,20.9,7.0,2.6,5.9,.448,0.6,1.6,.388,1.0,1.3,.756,0.4,1.3,1.7,2.5,0.5,0.0,1.5,1.6,6-4,182
2021,117,Martin Hermannsson,VAL,29,17.7,6.9,2.3,5.3,.435,0.6,1.6,.383,1.6,1.9,.870,0.4,1.1,1.5,3.4,0.5,0.0,1.3,1.9,6-3,170
2021,118,Tibor Pleiss,EFE,24,12.0,6.8,2.8,4.8,.574,0.3,0.7,.412,1.0,1.1,.889,0.9,1.8,2.7,0.5,0.2,0.3,0.8,0.9,7-3,256
2021,119,Nicolas Laprovittola,RMB,34,17.6,6.8,2.1,5.5,.374,1.2,3.6,.347,1.4,1.6,.868,0.4,1.3,1.6,3.8,0.7,0.0,1.6,2.1,6-4,180
2021,127,Vanja Marinkovic,VAL,15,14.6,6.3,2.3,5.8,.391,1.4,3.9,.362,0.4,0.5,.857,0.1,1.1,1.3,0.6,0.2,0.0,0.9,1.6,6-6,194
2021,128,Nick Weiler-Babb,BAY,33,23.6,6.3,2.0,5.7,.348,1.0,2.8,.340,1.4,1.7,.807,0.9,2.4,3.2,2.2,1.2,0.2,1.2,2.5,6-5,205
2021,129,Fabien Causeur,RMB,28,14.1,6.3,2.1,4.6,.462,0.9,2.1,.417,1.0,1.6,.659,0.1,1.0,1.1,1.4,0.4,0.0,1.0,1.1,6-3,198
2021,132,Alex Abrines,FCB,39,18.7,6.1,2.0,4.6,.428,1.4,3.3,.423,0.7,0.8,.903,0.6,1.3,1.8,0.7,0.6,0.2,0.3,2.5,6-6,190
2021,134,Ben Bentil,PAN,31,15.9,6.0,2.2,4.5,.479,0.5,1.4,.364,1.2,1.6,.740,0.9,1.7,2.6,0.9,0.5,0.2,1.1,1.6,6-9,235
2021,144,Kostas Papanikolaou,OLY,14,21.7,5.7,1.6,4.5,.365,1.2,3.3,.370,1.2,1.4,.895,0.3,1.9,2.2,1.9,0.6,0.5,1.1,2.1,6-8,225
2021,147,Charles Lombahe-Kahudi,LYV,31,21.2,5.6,1.8,4.5,.410,0.9,2.3,.394,0.9,1.0,.906,0.5,1.9,2.4,0.9,0.8,0.1,0.7,2.1,6-5,183
2021,149,Rudy Fernandez,RMB,28,15.4,5.5,1.8,5.2,.342,1.6,4.5,.346,0.4,0.5,.846,0.1,1.0,1.1,1.2,0.5,0.1,0.6,1.1,6-6,185
2021,151,Rolands Smits,FCB,41,15.9,5.5,2.1,3.7,.573,0.5,1.2,.396,0.8,1.0,.767,1.0,2.2,3.2,0.6,0.4,0.2,1.0,2.2,6-10,235
2021,152,Joel Bolomboy,CSKA,25,16.9,5.4,2.1,3.7,.559,0.2,0.6,.250,1.1,1.4,.771,1.7,2.0,3.8,0.3,0.6,0.5,0.8,1.6,6-9,235
2021,157,Tarik Black,ZEN,13,14.8,5.2,2.0,3.7,.542,0.0,0.2,.000,1.2,1.5,.750,1.3,2.2,3.5,0.4,0.7,0.6,1.3,3.2,6-9,250
2021,169,Giannoulis Larentzakis,OLY,21,12.4,4.5,1.3,3.8,.354,0.9,2.8,.328,0.9,1.2,.760,0.2,1.4,1.6,1.4,0.8,0.0,1.0,2.2,6-5,200
2021,170,Edgaras Ulanovas,FEN,28,19.6,4.5,1.7,3.6,.471,0.6,1.4,.400,0.5,0.6,.722,0.5,1.1,1.6,1.4,0.3,0.0,0.8,1.6,6-6,192
2021,174,Louis Olinde,BER,25,16.0,4.3,1.6,4.1,.392,0.6,1.7,.357,0.5,0.8,.650,1.1,1.6,2.7,0.2,0.5,0.2,0.8,2.2,6-9,195
2021,179,Melih Mahmutoglu,FEN,28,13.7,4.1,1.6,3.8,.415,0.8,2.4,.328,0.2,0.3,.857,0.1,0.6,0.7,0.3,0.2,0.0,0.5,1.0,6-3,187
2021,186,Usman Garuba,RMB,39,16.3,3.9,1.5,3.1,.504,0.3,1.1,.268,0.6,0.9,.595,1.3,2.8,4.0,0.7,0.6,0.7,1.1,1.7,6-8,229
2021,189,John DiBartolomeo,MAC,23,10.4,3.8,1.2,2.8,.415,0.8,2.1,.375,0.7,0.7,.938,0.3,0.7,1.0,1.0,0.6,0.1,0.4,1.3,6-0,175
2021,192,Matthew Strazel,LYV,20,13.1,3.6,1.1,3.1,.355,0.6,1.7,.324,0.9,1.0,.850,0.3,0.8,1.1,1.4,0.2,0.0,1.1,2.0,6-0,178
2021,194,Tadas Sedekerskis,BASK,32,16.3,3.5,1.3,2.6,.494,0.3,0.9,.367,0.6,0.7,.783,0.6,2.3,2.9,1.1,0.6,0.3,0.6,1.2,6-9,205
2021,199,Jonas Mattisseck,BER,31,13.8,3.0,1.0,2.7,.376,0.7,2.1,.359,0.2,0.3,.875,0.2,0.8,1.1,0.9,0.4,0.0,0.5,1.8,6-5,152
2021,200,Alex Tyus,RMB,20,11.9,3.0,1.4,2.7,.500,0.0,0.0,.000,0.3,0.4,.750,1.5,1.1,2.6,0.5,0.4,0.4,0.6,1.4,6-8,220
2021,201,Kevarrius Hayes,LYV,20,10.8,3.0,1.0,2.1,.452,0.0,0.1,.000,1.1,1.7,.636,1.1,1.6,2.6,0.5,0.4,0.9,0.7,1.9,6-9,227
2021,202,Tarik Biberovic,FEN,16,9.4,2.9,1.2,2.5,.475,0.4,1.1,.389,0.1,0.2,.667,0.3,1.2,1.5,0.3,0.2,0.0,0.7,1.0,6-7,218
2021,203,Leandro Bolmaro,FCB,30,9.8,2.9,1.0,2.4,.408,0.3,0.7,.381,0.7,0.9,.786,0.3,0.8,1.1,1.3,0.3,0.1,0.9,1.4,6-6,200
2021,211,Tim Schneider,BER,28,11.2,2.8,1.0,3.3,.319,0.5,1.6,.295,0.2,0.3,.714,0.5,1.0,1.5,0.3,0.1,0.1,0.3,1.1,6-9,222
2021,213,Branko Lazic,ZVE,33,16.3,2.7,0.9,2.5,.369,0.5,1.5,.354,0.3,0.3,.909,0.4,0.9,1.3,0.7,0.6,0.0,0.3,2.3,6-5,192
2021,232,Malte Delow,BER,23,8.3,1.6,0.7,1.7,.385,0.2,0.7,.267,0.1,0.1,.667,0.5,0.4,0.9,0.5,0.4,0.0,0.3,1.6,6-6,170
2021,237,Diego Flaccadori,BAY,22,5.3,1.2,0.5,1.2,.370,0.1,0.4,.375,0.2,0.2,.800,0.1,0.4,0.5,0.7,0.1,0.0,0.2,0.9,6-5,172
2021,243,Sander Raieste,BASK,10,4.5,0.7,0.2,1.0,.200,0.1,0.2,.500,0.0,0.0,.000,0.6,0.3,0.9,0.1,0.1,0.0,0.3,0.7,6-8,210
2020,1,Shane Larkin,EFE,25,29.9,22.2,6.7,12.7,.530,3.5,6.9,.509,5.2,5.8,.903,0.5,2.6,3.1,4.1,1.3,0.0,2.2,1.3,5-11,175
2020,3,Mike James,CSKA,28,28.6,21.1,6.5,14.9,.440,2.8,6.7,.420,5.2,6.2,.833,0.5,2.9,3.3,4.3,0.7,0.1,3.0,1.6,6-1,190
2020,4,Nikola Mirotic,FCB,28,27.8,19.0,6.2,12.8,.483,1.9,5.8,.331,4.8,5.5,.869,1.7,5.2,6.9,1.6,1.2,0.3,1.9,1.8,6-10,250
2020,5,Scottie Wilbekin,MAC,26,26.1,16.0,5.0,11.6,.434,3.4,7.9,.432,2.5,3.1,.813,0.2,1.8,2.0,3.4,1.2,0.0,2.2,1.5,6-2,176
2020,6,Kevin Punter,ZVE,12,22.1,15.9,5.2,10.8,.477,2.1,4.3,.481,3.5,3.9,.894,0.2,0.9,1.1,1.5,0.6,0.1,0.8,2.0,6-2,190
2020,7,Nando De Colo,FEN,24,28.7,15.9,5.3,10.5,.506,1.7,4.2,.400,3.6,3.8,.956,0.8,2.2,3.0,3.0,0.6,0.0,2.9,1.9,6-5,195
2020,8,Tornike Shengelia,BASK,28,30.4,15.9,6.1,11.4,.533,1.2,3.1,.391,2.5,3.3,.769,1.8,3.8,5.6,2.9,1.0,0.5,2.8,2.4,6-9,220
2020,12,Rokas Giedraitis,BER,25,27.0,13.8,4.6,9.7,.469,2.0,5.1,.398,2.6,3.1,.844,1.2,2.8,4.0,1.4,1.4,0.1,1.1,1.9,6-7,179
2020,14,Nick Calathes,PAN,28,32.2,13.3,5.1,12.1,.420,1.1,4.1,.281,2.0,3.4,.594,0.4,4.5,4.9,9.1,1.1,0.1,3.3,2.8,6-6,213
2020,21,Lorenzo Brown,ZVE,27,25.3,12.3,4.6,10.9,.417,0.8,2.7,.288,2.4,2.9,.823,0.7,2.6,3.3,4.6,1.1,0.4,2.8,1.9,6-5,189
2020,24,Zach LeDay,ZAL,28,22.4,11.8,4.0,7.9,.505,0.5,1.1,.433,3.3,3.9,.844,1.7,3.0,4.7,1.0,0.5,0.7,1.7,2.1,6-7,230
2020,26,Devin Booker,KHI,28,22.3,11.6,4.5,7.5,.595,0.6,1.3,.459,2.0,2.4,.851,1.8,3.0,4.8,1.2,0.8,0.3,1.4,2.3,6-8,250
2020,27,Kostas Sloukas,FEN,25,29.1,11.6,3.6,7.8,.454,1.4,3.3,.422,3.0,3.2,.938,0.7,2.1,2.8,6.1,0.9,0.0,2.6,2.0,6-2,210
2020,28,Marius Grigonis,ZAL,10,25.8,11.5,3.8,8.5,.447,1.7,4.4,.386,2.2,2.6,.846,0.6,2.0,2.6,2.0,0.5,0.1,1.3,2.9,6-6,195
2020,29,Vladimir Lucic,BAY,26,27.8,11.3,4.0,7.3,.547,1.0,2.3,.426,2.3,2.8,.847,0.8,3.0,3.8,1.5,1.0,0.2,1.4,1.7,6-8,200
2020,34,Jordan Loyd,VAL,18,21.9,11.1,3.5,8.4,.417,1.8,4.3,.429,2.3,2.9,.774,0.1,1.8,1.9,2.4,0.7,0.1,1.8,2.8,6-4,210
2020,37,Martin Hermannsson,BER,27,25.8,10.9,4.1,10.0,.410,1.1,3.2,.337,1.6,1.9,.860,0.3,1.3,1.6,4.8,0.5,0.0,2.7,2.1,6-3,170
2020,38,Ioannis Papapetrou,PAN,27,27.9,10.9,4.4,8.0,.556,1.2,3.3,.367,0.7,1.2,.606,0.9,3.2,4.1,0.8,0.7,0.5,0.6,2.5,6-8,225
2020,42,Lukas Lekavicius,ZAL,27,19.9,10.5,4.0,7.4,.535,0.7,1.9,.392,1.9,2.1,.862,0.3,1.0,1.3,2.8,0.5,0.0,1.5,2.4,6-0,167
2020,46,Nikola Milutinov,OLY,24,24.7,10.3,3.5,5.3,.656,0.0,0.0,.000,3.3,4.3,.765,3.6,4.6,8.2,1.2,0.5,0.6,1.0,1.5,7-0,220
2020,48,Tyler Dorsey,MAC,28,18.9,10.0,3.3,8.6,.388,1.9,4.7,.394,1.5,2.3,.683,0.5,1.9,2.4,1.5,1.0,0.1,1.5,2.1,6-5,183
2020,50,Facundo Campazzo,RMB,28,23.9,9.9,2.9,7.2,.403,1.3,4.0,.310,2.9,3.3,.870,0.3,1.9,2.3,7.1,1.4,0.0,2.6,2.3,5-11,165
2020,51,David Lighty,LYV,27,22.9,9.8,3.7,8.0,.465,1.0,2.9,.354,1.3,1.6,.814,0.8,1.7,2.6,1.7,0.9,0.1,1.1,1.9,6-6,216
2020,53,Thomas Walkup,ZAL,28,25.8,9.6,3.7,7.4,.495,1.0,2.1,.467,1.3,1.5,.857,0.9,2.7,3.6,5.5,1.0,0.1,2.7,2.7,6-4,195
2020,54,Brandon Davies,FCB,28,20.1,9.6,3.7,7.2,.515,0.2,0.5,.385,2.0,2.5,.786,1.2,2.7,3.9,1.6,1.1,0.6,2.0,2.5,6-10,240
2020,55,Rodrigue Beaubois,EFE,26,21.2,9.5,3.5,7.7,.455,1.7,4.2,.398,0.9,1.1,.821,0.1,1.5,1.6,1.7,0.9,0.3,1.0,1.8,6-1,183
2020,56,Tibor Pleiss,EFE,28,18.7,9.5,4.3,6.9,.613,0.1,0.6,.250,0.9,1.0,.926,1.6,2.6,4.3,0.4,0.5,0.5,0.9,1.4,7-3,256
2020,57,Shavon Shields,BASK,26,25.4,9.5,3.6,8.1,.448,1.1,3.1,.346,1.2,1.3,.857,0.8,2.6,3.4,1.0,0.4,0.2,1.0,1.5,6-7,225
2020,63,Tarik Black,MAC,11,19.7,9.1,3.1,5.0,.618,0.0,0.0,.000,2.9,4.2,.696,1.8,3.0,4.8,1.0,0.8,0.7,2.1,3.3,6-9,250
2020,66,Maodo Lo,BAY,28,24.3,9.0,3.1,7.6,.411,1.9,4.4,.426,0.8,1.1,.742,0.3,1.7,1.9,3.3,0.7,0.0,2.1,2.9,6-3,194
2020,70,Niels Giffey,BER,28,18.9,8.8,3.1,6.4,.486,1.1,2.4,.478,1.4,1.7,.851,0.8,1.5,2.3,1.3,0.8,0.3,1.0,2.5,6-7,205
2020,73,Jan Vesely,FEN,18,25.4,8.6,3.6,6.1,.591,0.0,0.1,.000,1.4,2.7,.521,1.7,2.6,4.3,1.6,1.3,0.7,1.2,2.9,6-11,240
2020,75,Kostas Papanikolaou,OLY,26,23.9,8.5,2.9,6.1,.481,1.4,3.5,.391,1.3,1.8,.708,0.4,3.2,3.6,1.5,1.4,0.3,1.9,1.8,6-8,225
2020,79,Elijah Bryant,MAC,27,19.8,8.4,3.4,6.9,.492,1.3,3.1,.417,0.3,0.5,.692,0.5,2.3,2.9,2.0,0.9,0.1,1.3,2.6,6-5,210
2020,82,Daniel Hackett,CSKA,23,20.1,8.3,2.8,6.7,.418,1.5,3.3,.442,1.3,1.6,.806,0.7,1.9,2.6,2.5,1.0,0.0,1.5,2.8,6-5,215
2020,83,Edgaras Ulanovas,ZAL,28,25.8,8.3,2.6,6.1,.427,0.9,2.4,.368,2.2,2.7,.813,1.3,2.1,3.3,2.0,0.4,0.1,1.3,1.9,6-6,192
2020,85,Rudy Fernandez,RMB,25,20.0,8.1,2.5,6.3,.392,2.1,5.0,.416,1.1,1.4,.771,0.3,1.7,2.0,2.0,1.0,0.1,0.6,1.1,6-6,185
2020,88,Nemanja Nedovic,MIL,17,16.5,7.9,2.4,6.5,.373,1.4,4.1,.343,1.7,2.1,.829,0.0,1.2,1.2,1.7,0.3,0.1,1.2,1.8,6-3,192
2020,91,John DiBartolomeo,MAC,12,13.5,7.8,2.5,5.0,.500,1.3,2.8,.471,1.5,1.6,.947,0.0,1.0,1.0,1.7,0.8,0.0,0.8,2.7,6-0,175
2020,92,Alberto Abalde,VAL,23,21.7,7.8,2.8,6.5,.427,0.7,2.3,.283,1.6,2.2,.720,1.4,2.6,4.0,1.7,0.5,0.0,0.8,1.3,6-7,215
2020,95,Johannes Voigtmann,CSKA,28,22.3,7.7,2.9,6.1,.474,1.5,3.6,.410,0.4,0.8,.571,1.2,4.0,5.2,1.5,0.6,0.4,1.1,2.4,6-11,228
2020,100,Sergio Llull,RMB,16,18.6,7.5,2.3,8.1,.287,1.3,4.6,.288,1.6,1.8,.893,0.2,1.0,1.2,3.5,0.6,0.1,1.7,2.0,6-3,190
2020,102,Fabien Causeur,RMB,25,16.3,7.5,3.0,5.4,.548,1.0,2.2,.473,0.5,0.8,.650,0.4,1.1,1.5,1.5,0.3,0.0,0.8,1.3,6-3,198
2020,104,Gabriel Deck,RMB,24,20.1,7.4,2.7,5.8,.464,0.3,1.1,.259,1.7,2.1,.820,0.8,2.4,3.2,1.5,0.3,0.1,0.7,1.3,6-8,232
2020,105,Theo Maledon,LYV,22,17.7,7.4,2.6,5.7,.456,0.8,2.2,.367,1.4,2.0,.689,0.2,1.6,1.8,3.1,0.3,0.1,1.9,2.9,6-4,175
2020,110,Edy Tavares,RMB,28,22.9,7.2,3.0,4.5,.680,0.0,0.0,.000,1.1,1.8,.653,2.2,4.9,7.1,0.8,0.6,2.2,1.0,2.2,7-3,265
2020,112,Luca Vildoza,BASK,16,23.1,7.1,2.6,6.9,.382,1.1,3.7,.288,0.8,0.8,1.000,0.3,1.7,1.9,3.2,1.1,0.4,1.9,2.4,6-3,190
2020,113,Sasha Vezenkov,OLY,26,13.6,7.0,2.6,4.8,.548,1.1,2.3,.459,0.8,1.0,.808,0.5,1.5,2.0,0.5,0.3,0.2,0.3,1.2,6-8,225
2020,115,Charles Lombahe-Kahudi,LYV,23,21.4,7.0,2.5,5.9,.430,1.0,2.7,.365,1.0,1.1,.846,0.8,2.1,2.9,0.8,0.5,0.1,0.7,2.4,6-5,183
2020,116,Sertac Sanli,EFE,21,11.7,7.0,2.8,4.3,.648,0.1,0.3,.286,1.2,1.6,.788,0.9,1.3,2.2,0.3,0.2,0.4,0.8,2.1,7-0,254
2020,118,George Papagiannis,PAN,27,17.5,6.9,3.1,5.1,.620,0.0,0.1,.000,0.6,0.9,.667,1.6,3.2,4.7,0.2,0.4,0.9,1.0,2.0,7-2,275
2020,119,Kevin Punter,OLY,11,18.4,6.8,2.5,8.2,.300,0.6,3.5,.179,1.3,1.8,.700,0.3,1.6,1.9,0.8,0.5,0.1,0.6,2.1,6-2,190
2020,122,Nikola Kalinic,FEN,26,22.9,6.6,2.2,5.2,.426,0.6,2.0,.314,1.5,1.8,.870,0.5,2.0,2.5,1.7,0.8,0.1,1.7,2.7,6-8,222
2020,124,Melih Mahmutoglu,FEN,21,17.2,6.5,2.4,5.1,.463,1.6,3.1,.508,0.2,0.2,.800,0.2,0.6,0.8,0.5,0.3,0.0,0.2,1.9,6-3,187
2020,128,Vanja Marinkovic,VAL,27,14.9,6.3,2.2,5.0,.437,0.9,2.6,.329,1.1,1.3,.833,0.2,0.8,1.0,0.4,0.4,0.0,1.0,1.3,6-6,194
2020,129,Nigel Hayes,ZAL,28,22.3,6.3,2.2,5.4,.404,1.0,2.8,.372,0.9,1.2,.758,1.1,2.4,3.5,1.0,0.4,0.2,0.5,1.9,6-8,254
2020,131,Joffrey Lauvergne,FEN,19,13.9,6.3,2.7,4.9,.543,0.1,0.4,.286,0.8,1.8,.441,0.7,2.0,2.7,0.8,0.2,0.2,0.8,1.1,6-11,260
2020,133,Dejan Davidovac,ZVE,24,18.8,6.2,2.0,4.5,.450,0.6,1.9,.326,1.5,1.8,.795,0.8,2.0,2.9,0.6,0.8,0.3,0.8,2.0,6-8,210
2020,141,Kostas Mitoglou,PAN,28,13.9,5.8,2.1,4.2,.508,0.3,1.0,.296,1.3,1.6,.761,1.5,2.2,3.7,0.5,0.9,0.3,0.6,2.0,6-10,245
2020,142,Youssoupha Fall,BASK,28,13.6,5.8,2.4,3.9,.615,0.0,0.0,.000,1.0,2.2,.452,2.3,2.6,4.8,0.1,0.2,0.6,1.3,2.5,7-3,271
2020,143,Edwin Jackson,LYV,17,20.2,5.8,1.9,7.1,.273,0.3,3.0,.098,1.6,2.0,.794,0.1,1.4,1.5,1.6,0.4,0.1,1.2,1.3,6-2,201
2020,145,Jake Cohen,MAC,21,13.6,5.7,2.2,4.0,.566,0.6,1.2,.500,0.6,0.9,.684,0.9,1.2,2.1,0.9,0.5,0.1,0.8,1.8,6-10,235
2020,154,Wade Baldwin IV,OLY,24,16.8,5.5,1.9,4.5,.422,0.3,1.3,.267,1.3,2.0,.633,0.3,1.5,1.8,1.8,0.5,0.0,1.5,2.3,6-4,220
2020,156,Joel Bolomboy,CSKA,27,16.9,5.4,2.0,4.2,.478,0.5,1.5,.325,1.0,1.3,.743,1.3,2.7,4.0,0.7,0.3,0.4,0.8,1.6,6-9,235
2020,163,Alex Abrines,FCB,25,14.8,5.2,1.8,3.9,.464,1.2,2.6,.462,0.4,0.5,.833,0.5,1.6,2.1,0.4,0.6,0.1,0.2,1.8,6-6,190
2020,167,Ognjen Dobric,ZVE,22,14.6,5.1,1.9,4.1,.467,0.7,1.9,.357,0.6,0.9,.684,0.6,1.1,1.7,0.9,0.8,0.1,0.5,1.2,6-6,198
2020,168,Nicolas Laprovittola,RMB,23,13.5,5.0,1.7,4.0,.418,0.6,2.0,.283,1.1,1.3,.867,0.3,1.1,1.4,3.0,0.3,0.0,1.7,1.8,6-4,180
2020,180,Usman Garuba,RMB,14,11.9,4.4,1.8,2.6,.676,0.1,0.4,.333,0.6,1.3,.500,1.1,1.8,2.9,0.4,0.9,0.3,0.5,1.4,6-8,229
2020,183,Alec Peters,EFE,27,13.7,4.2,1.4,2.6,.535,0.6,1.4,.405,0.8,1.0,.846,0.4,1.7,2.1,0.5,0.3,0.1,0.4,1.5,6-9,225
2020,188,Matthew Strazel,LYV,16,13.9,4.0,1.3,3.3,.396,0.8,1.8,.414,0.6,0.8,.769,0.1,0.6,0.7,1.6,0.2,0.0,1.2,1.7,6-0,178
2020,190,Branko Lazic,ZVE,25,16.2,3.9,1.6,3.8,.406,0.6,1.9,.292,0.2,0.4,.667,0.4,0.9,1.3,0.6,0.6,0.0,0.6,2.7,6-5,192
2020,195,Mathias Lessort,BAY,22,11.3,3.8,1.3,2.4,.528,0.0,0.0,.000,1.2,2.0,.600,1.1,1.1,2.2,0.5,0.5,0.5,1.1,1.9,6-9,250
2020,197,Tim Schneider,BER,16,11.8,3.8,1.3,3.2,.392,0.9,2.4,.368,0.4,0.5,.750,0.4,0.8,1.3,0.3,0.3,0.1,0.5,1.6,6-9,222
2020,209,Achille Polonara,BASK,27,12.5,3.1,1.1,3.3,.326,0.3,1.5,.225,0.7,1.0,.643,1.1,1.6,2.8,0.2,0.6,0.4,0.3,1.1,6-8,198
2020,210,Rolands Smits,FCB,16,9.9,3.1,1.2,2.7,.442,0.6,1.2,.474,0.2,0.3,.750,0.9,0.9,1.8,0.3,0.1,0.1,0.4,1.4,6-10,235
2020,211,Ben Bentil,PAN,23,9.1,3.1,0.8,2.3,.365,0.3,1.0,.318,1.1,1.3,.839,0.9,1.1,2.0,0.4,0.1,0.0,0.2,1.3,6-9,235
2020,219,Jonas Mattisseck,BER,28,13.7,2.7,0.9,2.5,.343,0.6,1.9,.340,0.3,0.4,.818,0.5,0.6,1.0,0.8,0.4,0.0,0.8,1.5,6-5,152
2020,225,Rokas Jokubaitis,ZAL,10,6.4,2.2,0.8,1.8,.444,0.3,0.6,.500,0.3,0.4,.750,0.2,0.3,0.5,1.3,0.3,0.0,1.0,0.9,6-4,182
2020,228,Diego Flaccadori,BAY,22,8.5,1.9,0.7,2.0,.356,0.1,0.6,.143,0.4,0.5,.727,0.1,0.4,0.5,0.6,0.1,0.1,0.8,1.0,6-5,172
2019,1,Mike James,MIL,30,34.0,19.8,6.3,15.6,.404,2.3,7.2,.326,4.9,5.9,.826,0.4,3.4,3.8,6.4,1.3,0.0,2.6,2.6,6-1,190
2019,3,Nando De Colo,CSKA,34,24.2,14.7,4.7,9.4,.500,1.7,4.0,.431,3.6,3.8,.946,0.5,2.0,2.5,3.4,0.9,0.0,2.1,1.8,6-5,195
2019,5,Brandon Davies,ZAL,34,24.2,14.2,5.2,9.3,.559,0.0,0.0,.000,3.9,5.1,.762,1.8,3.6,5.5,2.0,1.0,0.4,1.9,2.9,6-10,240
2019,7,Will Clyburn,CSKA,35,27.0,13.6,4.6,9.8,.474,1.0,2.8,.343,3.3,4.5,.745,1.7,5.1,6.8,1.5,1.0,0.2,1.4,1.9,6-6,210
2019,9,Scottie Wilbekin,MAC,29,24.8,12.9,4.3,10.9,.397,2.2,6.8,.328,1.9,2.4,.800,0.3,1.5,1.8,3.1,0.9,0.0,1.7,1.9,6-2,176
2019,11,Shane Larkin,EFE,35,22.0,12.5,3.9,7.9,.498,1.9,4.2,.449,2.8,3.2,.866,0.3,1.9,2.2,3.1,0.9,0.1,1.8,1.6,5-11,175
2019,14,Nick Calathes,PAN,33,31.0,12.2,4.9,12.6,.393,1.2,4.5,.265,1.2,2.2,.528,0.5,3.8,4.3,8.7,1.7,0.1,3.1,2.6,6-6,213
2019,16,Vincent Poirier,BASK,34,25.6,11.9,5.0,8.1,.617,0.0,0.0,.000,2.0,2.7,.731,3.4,4.9,8.3,1.1,0.8,0.8,1.3,2.6,7-0,235
2019,17,Kostas Sloukas,FEN,33,26.6,11.8,3.9,7.4,.522,1.5,3.2,.449,2.6,2.8,.934,0.2,2.0,2.2,4.8,0.5,0.0,1.9,1.5,6-2,210
2019,19,Nikola Milutinov,OLY,28,26.0,11.7,4.5,6.8,.663,0.0,0.0,1.000,2.6,3.6,.740,3.4,4.5,7.9,1.5,0.6,0.7,1.3,1.5,7-0,220
2019,22,Tarik Black,MAC,26,21.5,11.0,4.5,6.4,.695,0.0,0.0,.000,2.1,3.0,.684,2.2,3.3,5.4,0.7,0.5,0.8,1.4,2.9,6-9,250
2019,26,Sergio Llull,RMB,27,21.4,10.5,3.4,9.5,.358,2.0,6.1,.321,1.7,1.8,.958,0.1,1.9,2.0,4.0,0.4,0.0,1.2,1.9,6-3,190
2019,35,Vladimir Lucic,BAY,29,26.2,10.0,3.6,6.9,.523,0.9,2.6,.351,2.0,2.4,.826,0.8,3.1,3.8,1.2,1.1,0.2,0.7,2.4,6-8,200
2019,37,Shavon Shields,BASK,33,24.5,9.8,3.7,7.4,.502,0.8,2.2,.356,1.6,1.8,.883,1.1,1.7,2.8,1.1,0.6,0.1,1.0,2.0,6-7,225
2019,38,Edwin Jackson,BUD,30,26.4,9.8,3.5,7.9,.439,1.7,4.0,.429,1.1,1.3,.850,0.7,1.8,2.5,1.9,0.7,0.1,1.5,2.1,6-2,201
2019,40,Zach LeDay,OLY,30,17.1,9.7,3.3,6.2,.538,0.3,0.9,.357,2.7,3.5,.781,1.7,2.4,4.0,0.3,0.3,0.4,0.9,1.8,6-7,230
2019,41,Nikola Kalinic,FEN,35,25.5,9.6,3.4,7.1,.484,1.0,2.5,.398,1.8,2.3,.785,0.9,2.4,3.3,1.8,0.7,0.2,1.1,2.2,6-8,222
2019,42,Rodrigue Beaubois,EFE,35,20.5,9.5,3.5,7.9,.442,1.6,4.0,.400,0.9,1.0,.912,0.2,1.1,1.3,2.3,0.3,0.3,1.1,1.6,6-1,183
2019,46,Marko Guduric,FEN,36,22.1,9.4,3.1,5.7,.549,1.4,3.0,.477,1.6,1.9,.843,0.4,1.6,1.9,2.2,0.9,0.2,1.3,2.1,6-6,201
2019,48,Nigel Williams-Goss,OLY,30,26.3,9.2,3.4,8.4,.405,1.0,2.7,.370,1.4,1.7,.827,0.3,1.7,2.0,4.2,0.7,0.0,1.4,2.2,6-3,190
2019,51,Luca Vildoza,BASK,34,22.5,9.1,3.0,7.4,.403,1.6,4.3,.372,1.5,1.7,.879,0.4,1.9,2.3,3.8,1.1,0.1,1.7,2.3,6-3,190
2019,53,Ioannis Papapetrou,PAN,28,25.5,9.0,3.4,6.8,.503,0.9,2.7,.333,1.3,2.0,.673,1.0,3.2,4.2,1.1,0.8,0.5,0.9,2.1,6-8,225
2019,54,Rudy Fernandez,RMB,31,20.5,9.0,2.7,6.7,.409,2.1,5.1,.414,1.4,1.7,.815,0.6,2.1,2.8,2.7,0.8,0.2,0.8,1.5,6-6,185
2019,58,Bryant Dunston,EFE,36,26.1,8.9,3.4,5.3,.640,0.1,0.2,.333,2.1,3.0,.701,1.5,3.4,4.9,1.3,0.8,1.2,0.8,3.0,6-8,233
2019,61,Marius Grigonis,ZAL,34,20.8,8.7,2.6,5.6,.466,1.0,2.3,.442,2.5,2.7,.935,0.2,1.9,2.1,1.9,0.6,0.0,1.4,2.6,6-6,195
2019,62,Facundo Campazzo,RMB,34,23.6,8.7,2.6,6.8,.385,1.3,3.4,.374,2.2,2.5,.893,0.3,2.4,2.6,5.2,1.6,0.0,2.1,2.5,5-11,165
2019,66,Joffrey Lauvergne,FEN,22,18.0,8.5,3.7,6.6,.559,0.3,0.9,.300,0.9,1.7,.514,1.1,2.5,3.6,1.8,0.4,0.3,0.9,1.5,6-11,260
2019,79,Johannes Voigtmann,BASK,33,24.3,7.5,2.8,6.1,.458,0.9,2.9,.309,1.0,1.4,.756,1.2,4.7,5.8,2.5,0.6,0.4,1.4,1.3,6-11,228
2019,80,Edy Tavares,RMB,34,19.4,7.4,3.1,3.9,.794,0.0,0.0,.000,1.3,2.0,.632,2.2,4.1,6.2,0.7,0.4,1.7,1.2,2.3,7-3,265
2019,82,Nicolo Melli,FEN,36,25.9,7.3,2.6,5.9,.435,1.0,2.7,.385,1.1,1.4,.816,1.1,2.9,4.1,1.6,0.9,0.6,1.0,2.9,6-9,235
2019,84,Alex Tyus,MAC,30,18.3,7.3,3.2,4.9,.664,0.0,0.0,.000,0.8,1.3,.625,1.3,2.8,4.1,0.3,0.5,1.1,0.7,1.8,6-8,220
2019,86,Edgaras Ulanovas,ZAL,34,25.0,7.2,2.3,5.3,.439,0.7,1.9,.354,1.9,2.2,.840,1.1,2.2,3.4,1.4,0.6,0.2,1.2,1.9,6-6,192
2019,91,Kostas Papanikolaou,OLY,30,23.4,6.9,2.3,5.3,.431,1.3,3.5,.371,1.0,1.4,.738,0.6,3.3,3.9,1.6,0.8,0.3,1.5,1.7,6-8,225
2019,97,Maodo Lo,BAY,29,18.3,6.7,2.4,5.3,.445,0.8,2.2,.344,1.1,1.4,.786,0.2,1.2,1.5,1.9,1.0,0.1,1.3,1.9,6-3,194
2019,108,Daniel Hackett,CSKA,35,17.3,6.0,1.8,4.1,.434,0.6,1.5,.392,1.9,2.3,.825,0.3,1.5,1.8,1.7,0.6,0.0,1.0,3.0,6-5,215
2019,111,Melih Mahmutoglu,FEN,31,12.1,5.6,1.9,3.8,.508,1.1,2.5,.461,0.6,0.6,.950,0.1,0.7,0.8,0.5,0.2,0.0,0.2,1.5,6-3,187
2019,115,Alec Peters,CSKA,36,16.3,5.3,1.8,4.2,.420,1.1,2.5,.433,0.7,0.8,.893,0.7,2.0,2.7,0.7,0.5,0.1,0.6,2.4,6-9,225
2019,117,Thomas Walkup,ZAL,34,16.8,5.2,2.0,4.2,.486,0.4,1.3,.295,0.7,0.9,.806,0.5,2.1,2.6,2.2,0.5,0.0,1.2,2.6,6-4,195
2019,121,John DiBartolomeo,MAC,29,10.3,4.7,1.5,4.2,.361,1.1,3.2,.344,0.6,0.7,.810,0.6,0.8,1.4,1.1,0.4,0.0,0.2,1.5,6-0,175
2019,124,Gabriel Deck,RMB,31,14.7,4.4,1.6,2.7,.595,0.2,0.6,.333,1.0,1.4,.698,0.8,1.5,2.4,0.7,0.2,0.0,0.7,1.0,6-8,232
2018,2,Nemanja Nedovic,UNI,24,25.1,16.8,5.6,13.0,.429,2.3,6.3,.358,3.4,4.0,.845,0.4,1.5,2.0,4.8,0.6,0.1,2.2,1.6,6-3,192
2018,3,Nando De Colo,CSKA,32,25.8,16.7,5.7,10.4,.542,1.8,3.7,.492,3.5,3.7,.950,0.3,1.9,2.3,3.7,1.3,0.1,2.3,2.0,6-5,195
2018,5,Errick McCollum,EFE,29,26.5,14.6,5.0,11.7,.429,1.8,4.5,.400,2.7,3.5,.775,0.5,1.9,2.4,2.3,0.8,0.4,2.0,2.1,6-2,170
2018,6,Nick Calathes,PAN,31,29.0,14.5,5.8,12.2,.476,1.1,3.7,.293,1.8,3.2,.576,0.6,3.2,3.8,8.0,1.7,0.1,2.3,2.5,6-6,213
2018,11,Tornike Shengelia,BASK,33,25.5,13.7,5.1,9.0,.569,0.5,1.4,.326,3.0,4.4,.681,1.6,4.5,6.1,2.2,0.8,0.5,1.5,2.0,6-9,220
2018,15,Jan Vesely,FEN,34,26.6,12.5,4.7,7.7,.609,0.0,0.0,.000,3.1,4.4,.707,2.5,2.6,5.1,1.6,0.9,0.7,1.5,3.4,6-11,240
2018,16,Rodrigue Beaubois,BASK,33,21.3,12.4,4.8,9.5,.498,1.6,4.1,.400,1.3,1.4,.894,0.5,2.0,2.4,1.8,0.7,0.4,1.2,2.6,6-1,183
2018,25,Will Clyburn,CSKA,36,26.6,11.6,4.0,9.1,.435,0.9,2.3,.386,2.8,4.0,.692,1.5,4.4,5.9,1.8,0.9,0.3,1.6,2.0,6-6,210
2018,34,Bryant Dunston,EFE,30,28.2,10.2,3.9,6.1,.645,0.1,0.2,.333,2.3,3.3,.697,2.1,3.4,5.4,1.3,0.7,1.7,1.0,2.5,6-8,233
2018,37,Tibor Pleiss,VAL,29,19.3,10.1,4.1,7.2,.565,0.2,0.3,.500,1.8,2.2,.797,1.6,3.7,5.2,0.6,0.4,1.1,1.2,2.4,7-3,256
2018,38,Kostas Sloukas,FEN,35,24.8,10.0,3.3,7.7,.428,1.2,3.2,.381,2.2,2.4,.916,0.5,2.0,2.5,5.4,0.6,0.1,2.0,1.6,6-2,210
2018,42,Daniel Hackett,BRO,26,24.0,9.6,3.1,6.3,.497,0.9,2.5,.369,2.4,3.0,.808,0.2,2.5,2.7,3.4,0.4,0.0,1.4,2.3,6-5,215
2018,46,Brandon Davies,ZAL,36,17.4,9.3,3.3,5.8,.577,0.0,0.0,.000,2.6,3.1,.848,1.5,2.1,3.5,0.9,0.9,0.4,1.3,3.1,6-10,240
2018,55,Nicolo Melli,FEN,36,26.5,8.9,3.1,6.1,.502,0.9,2.2,.430,1.8,2.3,.805,1.5,3.4,5.0,1.7,0.9,0.3,1.1,2.5,6-9,235
2018,57,Nikola Milutinov,OLY,29,21.7,8.8,3.3,5.1,.653,0.0,0.0,.000,2.1,2.8,.756,2.3,3.4,5.7,1.0,0.6,0.6,1.1,2.0,7-0,220
2018,58,Johannes Voigtmann,BASK,34,21.3,8.7,3.4,5.4,.622,0.9,1.5,.577,1.1,1.6,.667,1.1,3.3,4.4,1.6,0.4,0.3,1.1,1.7,6-11,228
2018,62,Mathias Lessort,ZVE,30,21.1,8.5,3.3,6.1,.549,0.0,0.0,.000,1.8,2.9,.632,2.9,2.8,5.7,0.8,0.8,0.7,1.7,2.8,6-9,250
2018,65,Alex Tyus,MAC,30,20.0,8.4,3.7,6.0,.619,0.0,0.0,.000,0.9,1.9,.491,2.2,2.8,5.0,0.2,0.5,1.0,0.6,1.6,6-8,220
2018,68,Kostas Papanikolaou,OLY,28,24.1,8.3,2.5,5.3,.469,0.9,2.4,.373,2.5,3.2,.775,1.0,3.3,4.3,2.1,1.0,0.4,1.5,2.1,6-8,225
2018,72,Vincent Poirier,BASK,34,17.8,8.2,3.2,5.6,.573,0.0,0.0,.000,1.7,2.4,.725,1.9,3.3,5.2,1.0,0.6,0.9,1.0,2.6,7-0,235
2018,75,Facundo Campazzo,RMB,30,23.1,7.9,2.7,6.7,.396,1.4,3.6,.376,1.2,1.4,.833,0.2,2.2,2.4,4.5,1.4,0.1,2.0,2.6,5-11,165
2018,79,Alberto Abalde,VAL,25,19.1,7.6,2.8,5.7,.497,1.1,2.2,.519,0.8,0.9,.870,0.5,1.6,2.1,1.7,0.3,0.0,1.3,1.8,6-7,215
2018,81,Edgaras Ulanovas,ZAL,35,27.1,7.5,2.6,5.2,.503,0.6,1.3,.457,1.7,2.1,.787,1.3,2.8,4.1,2.1,0.5,0.4,1.1,2.1,6-6,192
2018,84,Rudy Fernandez,RMB,31,19.4,7.4,2.1,5.6,.382,1.5,4.0,.371,1.6,1.9,.879,0.7,1.8,2.5,2.6,0.7,0.2,0.8,1.5,6-6,185
2018,94,Maodo Lo,BRO,30,16.7,6.9,2.7,6.0,.444,1.2,2.9,.414,0.4,0.5,.786,0.1,1.2,1.4,1.8,0.3,0.1,1.1,2.4,6-3,194
2018,96,Fabien Causeur,RMB,36,18.1,6.9,2.5,4.7,.529,0.8,1.9,.441,1.0,1.4,.712,0.4,1.2,1.6,1.9,0.4,0.1,1.0,1.4,6-3,198
2018,97,Ioannis Papapetrou,OLY,31,22.0,6.8,2.7,6.5,.413,0.8,2.7,.286,0.7,1.1,.667,0.9,2.7,3.6,0.7,0.4,0.3,0.7,2.0,6-8,225
2018,100,Marko Guduric,FEN,36,16.6,6.7,2.4,4.5,.547,1.0,2.3,.446,0.8,0.9,.875,0.4,1.1,1.6,1.9,0.7,0.0,1.1,2.0,6-6,201
2018,103,Dejan Davidovac,ZVE,24,15.6,6.5,2.1,3.8,.543,0.9,2.0,.468,1.4,1.8,.773,0.6,1.4,2.0,1.2,0.7,0.3,0.8,2.0,6-8,210
2018,104,Edy Tavares,RMB,29,17.4,6.5,2.6,3.8,.682,0.0,0.0,.000,1.3,2.1,.623,2.2,3.1,5.3,0.5,0.4,1.5,0.8,2.6,7-3,265
2018,105,Ognjen Dobric,ZVE,26,15.2,6.5,2.3,5.2,.452,1.0,3.0,.351,0.7,0.9,.826,1.0,1.2,2.3,0.4,0.6,0.2,0.4,1.3,6-6,198
2018,125,Lukas Lekavicius,PAN,31,12.7,3.9,1.4,2.9,.473,0.5,1.1,.486,0.5,0.6,.895,0.3,0.7,1.0,1.5,0.2,0.0,0.9,1.3,6-0,167
2018,127,Branko Lazic,ZVE,30,20.4,3.3,1.1,3.5,.324,0.5,1.9,.259,0.6,0.6,.944,0.8,1.2,2.0,0.9,0.8,0.1,0.4,3.0,6-5,192
2018,128,John DiBartolomeo,MAC,28,12.8,3.3,1.0,3.2,.326,0.5,1.8,.286,0.8,0.9,.808,0.4,1.2,1.6,1.4,0.5,0.0,0.4,1.8,6-0,175
2018,129,Melih Mahmutoglu,FEN,21,6.7,1.7,0.6,1.9,.325,0.3,1.0,.286,0.1,0.1,1.000,0.0,0.4,0.5,0.2,0.1,0.0,0.1,0.6,6-3,187
2017,2,Nando De Colo,CSKA,28,27.1,19.1,6.3,12.2,.516,1.5,3.6,.426,5.0,5.2,.959,0.1,2.8,2.9,3.9,1.0,0.1,3.3,2.2,6-5,195
2017,4,Sergio Llull,RMB,33,27.8,16.5,5.4,12.9,.416,2.2,6.7,.330,3.5,4.2,.847,0.3,1.5,1.8,5.9,0.7,0.1,2.3,1.9,6-3,190
2017,5,Shane Larkin,BASK,33,28.9,13.1,4.2,10.5,.406,1.5,4.3,.343,3.1,3.9,.797,0.5,2.2,2.7,5.7,1.3,0.2,2.8,2.4,5-11,175
2017,6,Will Clyburn,DBI,34,28.2,13.0,4.9,11.4,.429,0.7,2.4,.289,2.5,3.6,.685,1.5,3.6,5.1,1.3,0.9,0.3,1.4,1.9,6-6,210
2017,18,Rodrigue Beaubois,BASK,30,20.3,11.7,4.3,9.4,.457,1.8,4.7,.380,1.3,1.5,.870,0.2,1.3,1.4,1.7,0.4,0.5,1.6,2.2,6-1,183
2017,20,Scottie Wilbekin,DBI,31,25.2,11.6,3.7,8.7,.430,2.2,5.5,.404,1.9,2.2,.870,0.6,1.1,1.8,3.2,1.4,0.0,1.8,2.3,6-2,176
2017,21,Nicolo Melli,BRO,30,29.2,11.5,4.3,8.5,.502,1.2,2.8,.434,1.8,2.4,.740,1.3,6.1,7.4,2.3,0.7,0.7,1.7,2.6,6-9,235
2017,28,Bryant Dunston,EFE,35,29.0,10.7,4.0,7.3,.551,0.0,0.0,.000,2.7,3.9,.679,2.9,3.3,6.2,1.1,0.6,1.1,0.9,2.7,6-8,233
2017,35,Johannes Voigtmann,BASK,33,23.4,10.1,3.8,7.1,.541,0.7,2.2,.315,1.7,2.4,.731,2.3,4.7,7.0,1.7,0.6,0.3,1.0,1.8,6-11,228
2017,36,Alex Tyus,GAL,30,19.7,10.0,4.3,6.3,.683,0.0,0.0,.000,1.4,2.5,.553,1.7,3.5,5.2,0.4,0.6,1.5,1.1,1.3,6-8,220
2017,38,Fabien Causeur,BRO,29,25.3,9.9,3.7,7.4,.502,1.1,3.3,.347,1.3,1.7,.776,0.5,2.7,3.2,2.2,0.8,0.1,1.4,2.1,6-3,198
2017,40,Nick Calathes,PAN,33,27.2,9.8,4.0,9.9,.405,0.8,3.5,.246,0.9,1.8,.500,0.9,3.1,4.0,5.5,1.5,0.2,2.1,2.2,6-6,213
2017,42,Jan Vesely,FEN,34,24.5,9.6,3.8,6.8,.563,0.0,0.1,.000,2.0,3.6,.557,1.6,2.9,4.5,1.4,1.0,0.6,1.4,2.8,6-11,240
2017,43,Daniel Theis,BRO,30,19.7,9.6,3.9,6.5,.598,0.5,1.3,.410,1.3,1.8,.709,1.7,2.9,4.6,0.7,0.7,0.9,1.1,3.0,6-8,245
2017,48,Kostas Sloukas,FEN,29,26.1,9.2,3.1,6.9,.445,1.0,2.4,.429,2.1,2.4,.870,0.3,1.8,2.1,4.5,0.6,0.2,2.5,2.3,6-2,210
2017,57,Lukas Lekavicius,ZAL,30,18.1,8.5,3.2,7.1,.448,0.8,2.5,.338,1.4,1.8,.759,0.4,1.6,1.9,3.5,0.6,0.0,1.7,2.2,6-0,167
2017,61,Kostas Papanikolaou,OLY,37,23.3,8.1,2.8,6.6,.422,1.0,3.2,.316,1.5,1.9,.826,1.5,3.3,4.8,1.5,1.2,0.4,1.2,2.4,6-8,225
2017,66,Marko Guduric,ZVE,29,18.8,7.8,2.3,6.0,.391,1.0,3.2,.304,2.1,2.4,.859,0.6,1.6,2.1,2.1,0.6,0.1,1.9,2.6,6-6,201
2017,67,Edgaras Ulanovas,ZAL,30,24.4,7.7,2.5,5.3,.478,0.5,1.4,.381,2.1,2.4,.877,1.3,2.0,3.3,1.5,0.3,0.3,1.3,2.1,6-6,192
2017,69,Tibor Pleiss,GAL,28,17.1,7.7,3.1,5.5,.561,0.1,0.2,.400,1.4,1.8,.765,1.7,3.0,4.6,0.5,0.2,1.2,0.8,1.8,7-3,256
2017,72,Nikola Kalinic,FEN,33,24.0,7.5,2.8,5.9,.482,0.8,2.2,.347,1.1,1.3,.837,0.6,2.5,3.1,1.5,0.8,0.3,1.4,2.2,6-8,222
2017,73,Sasha Vezenkov,FCB,30,18.4,7.5,2.7,4.7,.577,1.1,2.4,.479,0.9,1.1,.848,0.8,2.4,3.2,1.1,0.7,0.2,0.6,1.5,6-8,225
2017,78,Khem Birch,OLY,37,18.1,7.3,2.8,4.5,.624,0.0,0.0,.000,1.7,2.6,.643,2.2,3.4,5.6,0.3,0.5,1.0,1.0,2.0,6-8,233
2017,81,Cedi Osman,EFE,35,18.6,7.1,2.5,6.1,.409,1.0,3.0,.340,1.1,1.3,.787,0.8,1.9,2.8,0.7,0.6,0.1,0.5,1.8,6-7,230
2017,88,Rudy Fernandez,RMB,32,23.4,6.5,2.3,6.6,.343,1.3,4.2,.323,0.7,0.9,.750,0.8,2.1,2.8,3.2,1.2,0.1,1.2,1.8,6-6,185
2017,109,Ioannis Papapetrou,OLY,36,15.9,4.4,1.7,4.3,.396,0.7,2.2,.333,0.3,0.4,.688,0.4,2.1,2.6,0.5,0.5,0.3,0.6,1.6,6-8,225
2017,110,Branko Lazic,ZVE,30,23.6,4.4,1.6,3.5,.467,0.7,1.9,.368,0.4,0.7,.571,0.7,1.5,2.2,0.3,1.4,0.1,0.5,3.1,6-5,192
2017,111,Luka Mitrovic,ZVE,28,15.7,4.1,1.8,3.9,.450,0.1,0.6,.167,0.5,1.0,.536,0.8,1.5,2.3,1.4,0.5,0.1,1.3,1.1,6-8,200
2016,1,Nando De Colo,CSKA,27,27.7,19.4,6.3,12.0,.526,1.7,3.7,.460,5.1,5.7,.908,0.3,3.3,3.6,5.0,1.1,0.1,2.8,2.0,6-5,195
2016,3,Milos Teodosic,CSKA,29,26.8,16.1,4.8,10.2,.468,2.7,6.2,.428,3.9,4.4,.884,0.3,2.4,2.7,5.7,0.9,0.0,3.0,2.2,6-5,196
2016,12,Sergio Llull,RMB,24,27.8,12.8,3.9,10.3,.378,2.3,6.5,.350,2.8,3.5,.807,0.3,1.5,1.8,4.6,0.7,0.2,1.4,2.6,6-3,190
2016,24,Jan Vesely,FEN,23,27.4,12.0,5.0,8.0,.625,0.1,0.1,.667,1.9,4.1,.453,2.5,4.3,6.8,1.6,0.8,1.0,1.7,3.2,6-11,240
2016,27,Rodrigue Beaubois,STR,10,23.7,11.6,4.4,10.8,.407,1.7,4.6,.370,1.1,1.1,1.000,0.3,1.3,1.6,2.3,1.1,0.4,1.7,2.5,6-1,183
2016,43,Scottie Wilbekin,DBI,20,21.3,10.3,3.5,9.2,.377,1.8,5.2,.350,1.6,2.1,.756,0.2,1.3,1.5,2.3,1.0,0.1,1.6,2.2,6-2,176
2016,49,Mike James,BASK,29,21.2,10.0,3.7,8.8,.424,1.2,3.3,.368,1.3,1.5,.864,0.5,2.1,2.6,2.7,0.6,0.1,1.1,1.3,6-1,190
2016,63,Alex Abrines,FCB,25,19.2,9.3,3.0,6.5,.469,1.6,3.8,.417,1.6,1.9,.833,0.6,1.6,2.2,0.8,0.6,0.1,0.5,1.6,6-6,190
2016,66,Nicolo Melli,BRO,23,29.0,9.2,3.1,6.7,.468,1.0,2.3,.453,1.9,2.3,.815,1.2,5.3,6.5,2.7,0.9,0.7,1.5,2.8,6-9,235
2016,69,Daniel Theis,BRO,24,19.6,9.2,3.4,6.4,.536,0.6,1.5,.389,1.8,2.3,.764,1.3,3.0,4.4,0.5,0.5,0.6,1.0,3.3,6-8,245
2016,71,Tomas Satoransky,FCB,29,24.5,9.0,3.4,6.8,.495,0.9,2.4,.366,1.4,1.8,.755,0.4,2.4,2.8,4.2,0.9,0.3,1.6,1.9,6-7,210
2016,72,Nick Calathes,PAN,27,30.2,9.0,3.6,8.5,.417,1.0,2.9,.329,0.9,1.6,.568,0.7,3.4,4.1,6.4,2.0,0.2,2.3,3.0,6-6,213
2016,74,Edwin Jackson,UNI,24,20.1,8.9,2.9,7.3,.392,1.7,5.1,.328,1.5,1.8,.857,0.3,1.1,1.4,2.5,0.2,0.0,1.6,0.7,6-2,201
2016,90,Daniel Hackett,OLY,24,19.9,8.1,2.5,5.6,.444,0.9,2.3,.393,2.2,2.7,.813,0.1,2.2,2.3,2.3,0.8,0.1,1.5,2.7,6-5,215
2016,96,Cedi Osman,EFE,23,20.0,7.9,2.7,6.2,.441,1.2,3.1,.380,1.3,1.7,.763,1.0,2.0,3.1,0.7,0.9,0.1,0.8,1.5,6-7,230
2016,98,Bryant Dunston,EFE,24,21.0,7.9,2.8,4.6,.604,0.0,0.0,.000,2.3,3.5,.655,2.1,2.9,5.0,1.2,0.5,1.1,1.2,2.7,6-8,233
2016,106,Nemanja Nedovic,UNI,23,15.1,7.4,2.7,6.8,.391,1.0,3.7,.279,1.0,1.4,.750,0.1,0.7,0.8,1.9,0.3,0.1,1.3,1.7,6-3,192
2016,110,Marko Guduric,ZVE,24,15.6,7.1,2.1,5.0,.420,1.0,2.6,.371,2.0,2.4,.810,0.2,1.3,1.5,1.4,0.6,0.0,1.6,2.2,6-6,201
2016,122,Edgaras Ulanovas,ZAL,24,26.3,6.3,2.0,5.4,.372,0.5,1.6,.342,1.8,2.0,.875,1.5,3.0,4.5,2.0,0.7,0.2,1.1,2.0,6-6,192
2016,130,Ioannis Papapetrou,OLY,24,19.0,5.7,2.1,4.9,.432,0.7,1.7,.400,0.8,1.1,.692,0.8,1.9,2.7,0.7,0.7,0.3,1.0,2.0,6-8,225
2016,148,Nikola Kalinic,FEN,29,18.9,4.6,1.7,3.9,.434,0.3,1.1,.242,0.9,1.3,.711,1.1,2.2,3.3,1.2,0.4,0.2,0.9,2.4,6-8,222
2016,150,Lukas Lekavicius,ZAL,21,14.4,4.6,1.6,3.8,.418,0.8,1.5,.516,0.7,0.9,.737,0.1,1.0,1.1,1.3,0.9,0.0,1.3,2.2,6-0,167
2016,156,Branko Lazic,ZVE,26,19.5,4.3,1.4,3.3,.430,0.6,1.5,.410,0.8,0.9,.875,0.5,0.8,1.3,1.0,0.9,0.0,1.1,3.0,6-5,192
2015,4,Boban Marjanovic,ZVE,24,27.3,16.6,6.2,10.0,.623,0.0,0.0,.000,4.2,5.3,.781,3.5,7.2,10.7,1.0,0.4,0.8,1.4,1.5,7-4,290
2015,9,Milos Teodosic,CSKA,24,28.2,14.8,4.7,10.9,.431,2.9,7.2,.405,2.4,2.8,.866,0.3,2.6,2.8,7.0,0.8,0.0,3.7,2.8,6-5,196
2015,13,Nando De Colo,CSKA,28,24.4,14.4,4.8,9.7,.493,1.1,2.4,.471,3.7,4.0,.920,0.5,2.7,3.2,3.1,1.3,0.0,1.8,2.2,6-5,195
2015,27,Rudy Fernandez,RMB,25,27.4,12.7,4.0,9.7,.416,2.0,5.5,.355,2.6,3.0,.892,0.8,2.6,3.4,3.3,1.5,0.1,1.3,1.6,6-6,185
2015,39,Jan Vesely,FEN,29,22.0,11.2,4.7,7.4,.633,0.0,0.0,.000,1.8,3.7,.491,2.3,3.1,5.4,0.8,0.8,1.0,1.0,3.2,6-11,240
2015,49,Sergio Llull,RMB,30,27.5,10.4,3.6,8.2,.437,1.8,4.7,.379,1.5,1.9,.821,0.2,1.5,1.7,5.8,0.8,0.1,0.8,1.8,6-3,190
2015,74,Tornike Shengelia,BASK,24,21.5,9.5,3.0,7.6,.399,0.3,1.5,.229,3.0,3.7,.820,1.7,3.1,4.8,0.8,0.6,0.6,1.3,2.1,6-9,220
2015,75,Fabien Causeur,BASK,23,23.9,9.3,3.4,6.8,.506,0.9,2.5,.345,1.5,2.2,.700,0.6,2.1,2.7,2.3,1.3,0.3,1.1,2.1,6-3,198
2015,76,Nikola Kalinic,ZVE,24,26.0,9.2,3.2,7.4,.429,0.9,2.6,.355,2.0,3.1,.627,1.0,2.9,3.9,2.0,0.8,0.3,1.9,2.7,6-8,222
2015,86,Luka Mitrovic,ZVE,24,24.7,8.6,3.4,8.0,.429,0.5,2.6,.175,1.3,1.7,.780,1.7,3.5,5.2,2.3,1.0,0.2,1.6,2.4,6-8,200
2015,93,Vladimir Lucic,VAL,8,25.7,8.0,2.5,5.3,.476,1.0,2.4,.421,2.0,2.6,.762,0.9,2.4,3.3,0.9,0.9,0.4,0.5,3.3,6-8,200
2015,99,Mario Hezonja,FCB,22,16.5,7.7,2.8,6.0,.462,1.3,3.5,.382,0.8,1.1,.750,0.5,1.5,2.0,1.0,0.6,0.2,1.0,1.8,6-8,220
2015,104,Alex Abrines,FCB,23,18.1,7.6,2.6,5.7,.450,1.3,3.7,.341,1.2,1.5,.771,0.3,1.2,1.5,1.3,0.7,0.2,0.6,2.2,6-6,190
2015,108,Alex Tyus,MAC,25,21.1,7.2,3.1,5.0,.611,0.0,0.0,.000,1.1,2.0,.529,2.0,3.2,5.2,0.4,0.4,1.4,0.8,1.7,6-8,220
2015,109,Tomas Satoransky,FCB,27,19.2,7.2,2.3,5.0,.470,0.7,1.7,.391,1.9,2.2,.850,0.9,2.1,3.0,3.2,0.8,0.2,1.0,2.1,6-7,210
2015,116,Bryant Dunston,OLY,29,19.4,7.1,2.6,4.8,.543,0.0,0.0,.000,1.9,3.1,.618,1.7,2.7,4.4,0.6,0.8,1.1,0.9,3.0,6-8,233
2015,120,Arnas Butkevicius,NEP,10,20.5,7.0,2.4,4.3,.558,0.8,1.7,.471,1.4,2.7,.519,0.7,2.1,2.8,1.1,0.9,0.5,1.4,2.2,6-4,203
2015,130,Kostas Sloukas,OLY,29,18.0,6.7,1.9,5.2,.362,0.6,1.8,.346,2.3,2.6,.868,0.3,1.7,1.9,3.1,0.6,0.1,1.3,1.6,6-2,210
2015,131,Cedi Osman,EFE,27,19.3,6.7,2.2,5.6,.397,0.7,2.4,.303,1.5,2.2,.667,0.8,2.9,3.7,1.1,0.7,0.3,0.9,2.3,6-7,230
2015,146,Lukas Lekavicius,ZAL,24,19.0,5.5,2.0,4.8,.417,0.6,1.8,.333,0.9,1.1,.778,0.7,1.2,1.8,2.7,0.4,0.0,1.8,2.2,6-0,167
2015,148,Edgaras Ulanovas,ZAL,24,19.2,5.4,1.9,4.1,.465,0.4,1.3,.323,1.2,1.5,.757,1.0,1.5,2.5,1.2,0.6,0.0,1.4,2.1,6-6,192
2015,151,Nicolo Melli,MIL,24,20.9,5.3,1.9,4.8,.400,0.8,2.5,.333,0.6,0.8,.700,1.0,2.5,3.5,0.8,1.0,0.6,0.5,2.5,6-9,235
2015,156,Niels Giffey,BER,24,15.2,4.9,2.0,4.4,.443,0.8,2.0,.396,0.2,0.4,.400,0.6,1.7,2.3,0.2,0.5,0.1,1.0,2.2,6-7,205
2015,164,Branko Lazic,ZVE,19,17.5,3.9,1.4,3.5,.388,0.5,1.6,.333,0.6,0.8,.750,0.7,0.7,1.4,0.7,0.6,0.1,0.8,2.1,6-5,192
2014,13,Rudy Fernandez,RMB,31,27.9,13.2,4.3,10.0,.431,1.9,5.5,.353,2.6,3.0,.891,1.1,3.2,4.3,3.3,1.5,0.2,1.2,1.7,6-6,185
2014,18,Nikola Mirotic,RMB,31,24.1,12.4,3.9,7.6,.506,1.3,2.9,.461,3.3,4.1,.811,1.3,3.3,4.6,1.2,1.1,0.8,1.1,2.0,6-10,250
2014,22,Tibor Pleiss,BASK,24,21.0,12.0,4.7,8.5,.552,0.0,0.0,.000,2.6,3.0,.863,1.8,3.6,5.4,0.5,0.5,0.9,1.6,2.9,7-3,256
2014,28,Sergio Llull,RMB,31,29.2,11.4,4.3,9.1,.466,1.6,4.8,.340,1.3,1.6,.796,0.3,1.5,1.8,4.0,0.7,0.0,1.0,1.8,6-3,190
2014,30,David Lighty,N92,7,30.4,11.3,4.3,10.0,.429,1.3,3.7,.346,1.4,2.6,.556,1.3,2.6,3.9,2.7,0.7,0.6,1.9,2.1,6-6,216
2014,36,Joffrey Lauvergne,PAR,24,32.3,11.0,4.2,8.2,.513,0.3,1.5,.229,2.3,3.2,.714,2.9,5.7,8.6,1.0,0.6,0.3,1.9,2.1,6-11,260
2014,39,Boban Marjanovic,ZVE,10,19.9,10.8,4.5,7.2,.625,0.0,0.0,.000,1.8,2.9,.621,2.6,5.1,7.7,1.0,0.8,0.9,1.7,1.8,7-4,290
2014,41,Milos Teodosic,CSKA,23,24.9,10.7,3.6,8.7,.408,1.9,5.3,.350,1.7,1.8,.929,0.1,2.4,2.5,4.0,0.5,0.0,2.3,2.3,6-5,196
2014,46,Bryant Dunston,OLY,29,24.7,10.3,4.1,6.2,.670,0.0,0.1,.000,2.1,3.7,.566,2.5,2.8,5.3,1.0,1.1,1.3,0.7,3.0,6-8,233
2014,93,Alex Tyus,MAC,27,18.1,7.7,3.5,4.9,.718,0.0,0.0,.000,0.7,1.4,.526,2.0,3.0,5.0,0.3,0.3,1.1,0.6,1.9,6-8,220
2014,105,Kostas Papanikolaou,FCB,28,25.0,6.9,2.8,5.4,.507,0.8,2.2,.361,0.6,1.3,.500,0.9,2.6,3.4,2.2,0.8,0.5,1.4,1.9,6-8,225
2014,113,Alex Abrines,FCB,28,16.6,6.7,2.4,5.3,.456,1.1,3.0,.369,0.7,0.9,.769,0.5,0.9,1.3,0.7,0.4,0.1,0.8,1.9,6-6,190
2014,119,Kostas Sloukas,OLY,28,19.5,6.5,2.2,5.1,.431,0.9,2.5,.377,1.1,1.4,.816,0.2,1.3,1.5,2.9,0.5,0.2,1.4,1.7,6-2,210
2014,132,Fabien Causeur,BASK,17,23.2,5.9,2.1,5.0,.424,0.6,2.2,.297,1.1,1.1,1.000,0.5,1.8,2.3,1.5,0.5,0.1,1.2,2.1,6-3,198
2014,141,Melih Mahmutoglu,FEN,22,14.4,5.5,2.0,4.4,.448,1.0,2.4,.415,0.5,0.6,.923,0.2,1.0,1.2,0.6,0.5,0.0,0.5,1.6,6-3,187
2014,144,Nicolo Melli,MIL,27,21.2,5.3,2.0,4.3,.478,0.6,1.8,.333,0.6,0.8,.773,1.3,3.1,4.3,0.8,0.9,0.6,0.6,2.9,6-9,235
2014,153,Nikola Milutinov,PAR,21,20.3,4.7,2.0,3.8,.513,0.0,0.0,.000,0.8,1.2,.640,1.8,1.5,3.3,1.0,0.2,0.6,0.8,3.3,7-0,220
2014,155,Mouhammadou Jaiteh,N92,10,12.6,4.6,1.9,3.4,.559,0.0,0.2,.000,0.8,1.1,.727,1.1,2.6,3.7,0.3,0.4,0.4,0.4,1.8,6-11,247
2014,165,Branko Lazic,ZVE,10,14.3,2.6,0.9,1.9,.474,0.3,0.7,.429,0.5,0.6,.833,0.4,0.9,1.3,0.7,0.1,0.0,0.5,2.6,6-5,192
2013,9,Rudy Fernandez,RMB,27,27.2,13.7,4.4,10.2,.429,1.9,5.7,.338,3.0,3.7,.802,0.9,3.0,3.9,3.1,1.5,0.4,1.6,1.9,6-6,185
2013,16,Milos Teodosic,CSKA,30,29.7,12.7,4.2,9.3,.457,2.0,5.4,.377,2.2,2.6,.823,0.3,2.5,2.8,4.9,1.0,0.1,2.9,2.6,6-5,196
2013,25,Nikola Mirotic,RMB,29,24.9,11.4,3.9,8.1,.475,0.9,2.8,.325,2.8,3.2,.851,1.6,3.7,5.3,0.9,0.7,0.9,1.6,2.4,6-10,250
2013,32,Sergio Llull,RMB,27,27.0,10.4,3.5,8.7,.400,1.6,4.6,.339,1.9,2.4,.781,0.5,1.8,2.3,3.2,0.6,0.1,1.7,2.0,6-3,190
2013,54,Kostas Papanikolaou,OLY,31,23.8,8.7,3.0,6.0,.497,1.6,3.1,.521,1.1,1.5,.723,1.1,3.3,4.4,1.4,0.9,0.7,0.9,1.6,6-8,225
2013,77,Fabien Causeur,BASK,28,20.8,7.7,2.9,5.8,.503,0.9,2.3,.375,1.0,1.4,.692,0.5,1.2,1.7,1.5,0.7,0.1,1.5,2.6,6-3,198
2013,89,Daniel Hackett,SANA,22,22.1,7.2,2.4,5.8,.414,0.6,2.0,.311,1.8,2.5,.722,0.4,1.9,2.3,3.0,1.0,0.0,1.6,2.6,6-5,215
2013,116,Kostas Sloukas,OLY,30,14.5,5.2,1.4,3.5,.413,0.7,1.7,.431,1.6,1.8,.870,0.4,1.2,1.6,1.2,0.4,0.0,0.7,1.8,6-2,210
2013,118,Alex Abrines,FCB,15,11.2,5.1,1.7,3.7,.446,0.7,2.3,.324,1.1,1.1,1.000,0.3,0.8,1.1,0.3,0.4,0.1,0.5,1.3,6-6,190
2013,123,Tibor Pleiss,BASK,25,14.2,5.0,2.0,3.4,.607,0.0,0.1,.333,0.9,1.0,.846,1.5,2.4,3.9,0.2,0.2,0.6,0.8,2.3,7-3,256
2012,16,Nikola Mirotic,RMB,16,23.1,12.5,3.9,7.5,.525,1.1,2.6,.439,3.5,3.8,.918,0.9,3.6,4.5,0.9,0.8,0.4,1.3,2.2,6-10,250
2012,31,Milos Teodosic,CSKA,22,26.5,10.4,3.3,7.7,.432,1.8,4.9,.361,2.0,2.4,.827,0.4,2.3,2.7,5.0,0.6,0.0,2.5,2.4,6-5,196
2012,61,Nick Calathes,PAN,22,24.0,8.0,3.0,6.1,.500,0.6,2.1,.304,1.2,2.5,.500,0.5,2.3,2.8,2.5,1.2,0.0,1.5,2.1,6-6,213
2012,76,Sergio Llull,RMB,16,22.2,7.4,2.6,6.0,.427,0.8,2.8,.295,1.4,2.0,.719,0.4,1.1,1.5,3.2,0.6,0.0,1.4,2.1,6-3,190
2012,98,Kostas Papanikolaou,OLY,22,19.8,6.1,2.2,4.5,.490,0.6,1.9,.333,1.0,1.5,.688,1.0,2.4,3.4,0.6,0.5,0.3,0.5,1.5,6-8,225
2012,106,Kostas Sloukas,OLY,15,14.7,5.5,1.7,3.3,.520,0.7,1.2,.556,1.4,1.6,.875,0.3,1.5,1.7,1.6,0.7,0.1,0.9,1.5,6-2,210
2011,25,Sergio Llull,RMB,22,27.9,12.0,3.9,9.6,.406,1.5,4.3,.347,2.6,3.1,.841,0.7,1.6,2.3,3.0,0.8,0.1,2.1,2.0,6-3,190
2011,38,Milos Teodosic,OLY,18,25.5,10.9,3.1,9.5,.327,1.7,5.9,.290,2.9,3.3,.898,0.3,2.4,2.7,3.6,0.7,0.1,1.5,2.1,6-5,196
2011,52,Nando De Colo,VAL,18,21.5,10.3,2.9,8.5,.346,0.8,3.1,.273,3.6,3.7,.970,0.7,1.9,2.6,1.7,1.4,0.2,2.6,2.0,6-5,195
2011,53,Jan Vesely,PAR,15,27.0,10.1,3.9,7.3,.536,0.7,1.9,.357,1.6,3.6,.444,1.8,1.8,3.6,1.1,1.3,0.9,1.6,3.0,6-11,240
2011,127,Tibor Pleiss,BRO,10,19.1,6.7,2.4,5.8,.414,0.4,0.9,.444,1.5,1.9,.789,1.0,5.3,6.3,0.9,0.1,1.5,1.2,3.5,7-3,256
2011,130,Nikola Mirotic,RMB,19,14.8,6.6,2.4,4.8,.489,0.6,1.5,.379,1.3,1.5,.857,1.1,2.3,3.4,0.6,0.4,0.5,0.6,1.3,6-10,250
2011,157,Nick Calathes,PAN,22,15.4,4.8,1.9,3.3,.562,0.3,0.8,.353,0.8,1.2,.692,0.3,1.3,1.6,1.5,0.7,0.1,1.2,1.9,6-6,213
2010,21,Milos Teodosic,OLY,22,30.2,13.4,4.1,8.5,.489,2.1,4.9,.426,3.0,3.4,.892,0.4,2.1,2.5,4.9,1.8,0.2,1.9,2.8,6-5,196
2010,67,Sergio Llull,RMB,18,21.1,9.5,3.4,6.5,.521,1.6,3.7,.418,1.2,1.6,.724,0.1,1.1,1.2,2.0,1.0,0.1,0.8,2.1,6-3,190
2010,85,Jan Vesely,PAR,22,24.8,8.4,3.0,5.5,.545,0.5,1.4,.400,1.8,2.9,.625,1.5,3.4,4.9,1.4,0.7,0.5,1.4,4.2,6-11,240
2009,120,Sergio Llull,RMB,19,19.0,6.9,2.3,4.9,.468,1.0,2.6,.380,1.3,1.4,.926,0.4,0.6,1.1,2.2,0.5,0.2,0.8,2.3,6-3,190
2009,156,Jan Vesely,PAR,17,19.9,4.8,1.8,3.4,.517,0.1,1.1,.056,1.2,2.3,.538,1.6,1.7,3.4,0.4,0.5,0.3,0.9,3.4,6-11,240
2008,143,Milos Teodosic,OLY,23,19.5,5.2,1.8,4.6,.396,0.7,2.4,.273,0.9,1.0,.833,0.5,1.6,2.1,2.0,0.7,0.0,1.3,2.4,6-5,196
2007,5,Rudy Fernandez,JOV,19,25.7,15.8,5.1,10.6,.478,2.7,6.3,.429,3.0,3.7,.814,0.9,2.9,3.8,1.7,2.1,0.3,2.2,2.3,6-6,185
2007,29,Marco Belinelli,BOL,13,27.7,12.8,4.3,11.4,.378,1.8,5.8,.320,2.4,3.2,.756,0.1,1.8,1.9,1.3,0.8,0.0,1.8,2.5,6-5,225
2006,20,Marco Belinelli,BOL,19,27.9,13.4,4.7,9.9,.479,2.5,5.6,.439,1.4,2.0,.711,0.4,1.2,1.6,1.0,1.4,0.0,1.3,2.6,6-5,225
2005,155,Marco Belinelli,BOL,20,14.9,4.2,1.6,3.1,.500,0.6,1.5,.367,0.6,0.8,.688,0.5,0.7,1.2,1.1,0.6,0.1,0.6,1.9,6-5,225
2003,16,John Brown,BUD,14,28.6,15.3,6.6,12.1,.541,0.7,1.3,.556,1.4,2.2,.645,2.9,3.9,6.7,1.6,1.1,0.4,3.4,3.1,6-8,205
